text,img_path,label
Learn more at pavloposadskie-platki.ru. &quot;,2FDs4TjBq3GmAM.jpg,chiton
Relief Map of the Mediterranean Sea,LfzSYqSPSyoROM.jpg,chiton
"NumisBids: Heritage World Coin Auctions Long Beach Signature Sale 3035 Online Sess., Lot 32112 : Ancients JUDAEA. Caesarea Maritima. Domitian (AD 8…",K-VGDhf89E-PWM.jpg,chiton
Learn more at img.thesun.co.uk,jvSFSOvgKDTJaM.jpg,chiton
"To speak of death is to speak of life, of time and place, and of God; to speak of love is to speak of God, of the sexual metaphor, ...",tLgC4k9W7wMXDM.jpg,chiton
"Catania, Sicily with Mount Etna in the background",6c6peZAFMQHgsM.jpg,chiton
"Winemaker, Paul Smith, with Spot the dog and the cabernet grapes",aiSOE3OmLD-6rM.jpg,chiton
"Old Westbury, New York, U.S. - June 21, 2014 - Lori Belilove &amp;",rQK8pR9-L0kgkM.jpg,chiton
"Expedition yacht Tara is back at sea, the scientists are testing the CTD device -",Piz1je6ur3OLfM.jpg,chiton
Alors que je commençais a défaire les blocs une chose stoppa mon oeil... Sur une plaque un polyplacophore s&#39;y trouvait:,0ZqvbkR-w0r4wM.jpg,chiton
Learn more at img.thesun.co.uk,WspFCdnPfca6yM.jpg,chiton
"1000+ images about Marianne Werkmeister on Pinterest | Textile Art, Weaving and Search",l7WSDP2F6wkSNM.jpg,chiton
Horse Mussel - Modiolus modiolus,qpKTCL8O6yRssM.jpg,chiton
Learn more at 41.media.tumblr.com,zhB6IWBJ7wk6cM.jpg,chiton
Learn more at naturephoto-cz.com,JuHidpk6GMlEZM.jpg,chiton
Learn more at wildwinds.com,67aDVZcNH0fhqM.jpg,chiton
Learn more at timelineauctions.com,_OXC6Gmag_LVZM.jpg,chiton
rising sea: Sea oil rig. Oil platform in the deep sea over rising sun,8r4YvNFsxGn-BM.jpg,chiton
At peace by captainflynn,39kf2sJUwl7BCM.jpg,chiton
... Hotel in Musandam Khasab Overnight ...,0ZGDAKJ1f3GOlM.jpg,chiton
No valid candidate window found.,r15Wtki58TFBYM.jpg,chiton
"oil on canvas, 35x45, 2011 The lady is sitting alone on a planet Waching the moon in an hand: She is talking with her",aa5e1iLmKxY_iM.jpg,chiton
"abalone | Abalone ~ 10 inches [25 cm] wide. (October 6,",AredJKT4fLlG0M.jpg,chiton
A common periwinkle emerging from its shell,q1E-n4yr-LDg1M.jpg,chiton
Learn more at africancraftsmarket.com,fAWKJcpgkUKsAM.jpg,chiton
Fisher Price Ocean Wonders Aquarium Replacement Fish for Cradle Swing Mobile,_UTu9VnvEPhbpM.jpg,chiton
"1000+ images about quillango postres on Pinterest | Quilling Cake, Quilling and Miniature",FKhujbcvf7-ztM.jpg,chiton
Learn more at verden.lima-city.de,Rc0zVxlWMB1e0M.jpg,chiton
Learn more at upload.wikimedia.org,9Ok87hM6UwOJPM.jpg,chiton
"floating glass house | House boat living | Pinterest | Oscars, Church and Glasses",GFFRNW3VNnkTyM.jpg,chiton
And I Think to Myself...What A Wonderful World.: Creature Feature,iQle_kYOKpS6bM.jpg,chiton
"Sea sandy beach, seashells on the shore - Stock Image",RYc7gPbzf1z2qM.jpg,chiton
Kali as Emma Hamilton,_UlxnPrrmSnuFM.jpg,chiton
Tractor Lauching Coble boat to sea at the start of a fishing trip - Stock Image,NdFQ8ciqtpoaEM.jpg,chiton
"1000+ images about Rocks on Pinterest | Rock Formations, Rocks and Rock Wall",71yFfI3wgNFmAM.jpg,chiton
User Profile Image. &quot;,KGp3vYwnjAde9M.jpg,chiton
"Top 5 Guesses 892 chain mail, ring mail, mail, chain armor, chain armour, ring armor, ring armour 461 electric fan, blower",8VqR5eHaIpCi9M.jpg,chiton
Learn more at img1.etsystatic.com,5pvdZdcamrp3XM.jpg,chiton
"Top 5 Guesses 564 trilobite 815 mixing bowl 600 leafhopper 581 spiny lobster, langouste, rock lobster, crawfish, crayfish, sea crawfish 60 komondor",KInCuK9Z-ou-4M.jpg,chiton
... SEA cradle/battery charger kit for Samsung i9100 Galaxy S II ...,yt55l9Yo7T2JXM.jpg,chiton
alexnet-forwardpath/synset_words.txt at master · pmgysel/alexnet-forwardpath · GitHub,Cf9GogvuNCRxlM.jpg,chiton
Learn more at people.duke.edu,4_RLblAIDg33nM.jpg,chiton
Les curieux de nature,_SsY47Opqpr9-M.jpg,chiton
Haliotis (Sulculus) diversicolor aquatilis Reeve,QxFSDwsOtj2tLM.jpg,chiton
"1000+ images about Log Cabin Collectibles on Pinterest | Log Cabins, Old Cabins and Cabin",_p6mVvYuovINFM.jpg,chiton
Learn more at yorkshiremoths.info,9pYl5cP0Sa5YKM.jpg,chiton
China holds naval drills in disputed sea,XLOYLBY2ToadLM.jpg,chiton
Use two fingers to move the map,vPYXXR1YrjkZyM.jpg,chiton
"view of Bear Springs Blossom Nature Preserve, nature conservation, guided tours, nature education",ihveFRt2u0_1NM.jpg,chiton
ariocarpus cristata | Lophophora williamsii v. decipiens f. cristata | Pinterest,tWX1qeib7C9FeM.jpg,chiton
Learn more at vignette3.wikia.nocookie.net,UEF87E8ro-7BaM.jpg,chiton
"Jumping crocs, Adelaide River, NT",dKweEk0NfSFbkM.jpg,chiton
"Arkham origins batman gargoyles video games wallpaper Gothic/Gargoyles | DD1000 Contextual Studies Research | Pinterest | Video Games, Batman and Wallpapers",W3brmdjJencTUM.jpg,chiton
image lab-7 for term side of card,jEF8jzLNATnCOM.jpg,chiton
Angelfish on a Coral Reef. &quot;,7GTj5UlOLvNpPM.jpg,chiton
Angry China warns against &#39;cradle of war&#39; ...,zy4S3vcqBTwu5M.jpg,chiton
"cradle beach: Different products made from collected sea shells, are sold on the shelves",mghcAvcDtyaHLM.jpg,chiton
"Les gastéropodes (ou gastropodes) sont des mollusques qui rampent sur un large pied central musculeux, souvent pourvus d&#39;une coquille dorsale spiralée et ...",3_Tw8158NspGsM.jpg,chiton
Learn more at lh6.ggpht.com,E8hCTD15iLzlQM.jpg,chiton
Sailboat cradle maintenance . DONT FORGET IT !,QzYfvoPKn7FB8M.jpg,chiton
Learn more at farm8.static.flickr.com,gdy-WrXqqrYh2M.jpg,chiton
"1000+ images about Iris Eyes on Pinterest | Macros, Macro Photography and Eye Close Up",DL4rsR3yz1_0oM.jpg,chiton
P1090008 P1090018 P1090004 P1090006 P1080994,HBtJnNik_DNwEM.jpg,chiton
Learn more at 30.media.tumblr.com,2Yumi7isbbqrFM.jpg,chiton
"1000+ images about 7 Wonders of The Ancient World on Pinterest | Mausoleum At Halicarnassus, Statue Of and Hanging Gardens",jhKugT8rbSFzmM.jpg,chiton
"Seashells on the beach Seaside, at Filey North Yorkshire England Great Britain United Kingdom,",DDRVw6kDzh8_6M.jpg,chiton
No valid candidate window found.,T2wPm9Zyxx9QmM.jpg,chiton
"Mayotte, polyplacophore, protégé par sa carapace aux multiples plaques il trouve sa nourriture sur les rochers au bord de l&#39;eau.",V4ri1zyM0rJaYM.jpg,chiton
"Dr Mastrototaro, Prof Corcelli.",7aRq3wWLmsYZNM.jpg,chiton
"Mammillaria bertholdii TL1134, Photo by Thomas Linzen",AFjce_iafMFZeM.jpg,chiton
Learn more at upload.wikimedia.org,4DeSP6JiPiDvSM.jpg,chiton
[Dragon Nest SEA] Daidalos Nest solo by Smasher (3:38 Minutes) - Duration: 3:51. Kelvin Lee Kin Loong 168 views,WJmRhD42NQDDKM.jpg,chiton
Janus &amp; Nelson look on as strange particles bombard cellular structure.,B0rvETxZyYwcjM.jpg,chiton
Pin-up posters on board,Q79pYMrCghpjBM.jpg,chiton
... Water taxi ...,NCI33oUZBpSBcM.jpg,chiton
"61 trout in total, and we let a lot go and lost as many.",6HzPot53ieRxTM.jpg,chiton
Learn more at vignette3.wikia.nocookie.net,bR4VtXxaHKIZUM.jpg,chiton
La stola romaine : Vêtement (robe) blanche et ample porté par une femme mariée Vêtement souvent identifié à l&#39;époque de l&#39;Antiquité romaine | Pinterest ...,SXwuXmpW7Ynh_M.jpg,chiton
"1000+ images about Viking Tortoise Brooch / Oval Fibula on Pinterest | Vikings, Brooches and Tortoise",5Cwx0sMh5iXx-M.jpg,chiton
"1000+ images about For us, by us on Pinterest | Howard University, Today In Black History and African Americans",Zmk4wXoc-2He1M.jpg,chiton
Scientific name: Mustela putorius furo,WyDPxfcwrFnOjM.jpg,polecat
"You are going to love this episode because Mario hits on fat loss, ...",FeuF9Y77aPB3FM.jpg,polecat
Photo of an American mink,KqXqYr9a1RWriM.jpg,polecat
Learn more at farm3.staticflickr.com,311KG-2j_IKFZM.jpg,polecat
"1000+ images about parkour ❌ on Pinterest | Parkour, Parkour Workout and Running",SODVSwwwsL8gJM.jpg,polecat
Mustelid upgrades Fay Servicing&#39;s servicer ratings,unhyXNddSORWnM.jpg,polecat
A note by Brian Acton. Credit: Business Insider,GkjTBx8QxLIT7M.jpg,polecat
from IPython.display import Image Image(url=&quot;http://www.wildflorida.com/wildlife/turtles/images/stripedmudturtle463L.jpg&quot;),cESNCDy5yH8IiM.jpg,polecat
Storm Cocks and Tree Babblers,FIkQdHao0xegQM.jpg,polecat
"1000+ images about ONLARDA AiLE :) on Pinterest | Gifs, Swans and Kittens",2Jr6Gs3Sb2KBMM.jpg,polecat
"A lot of people have asked me about hibernation recently, following on from our recent posts on Britain&#39;s only hibernating mammals (bats, ...",qzjAdfg5wBJSZM.jpg,polecat
caffe-experiments/synset at master · fede1024/caffe-experiments · GitHub,LWP71qXHlw_lfM.jpg,polecat
DSC_8619 Feral ferret (Mustela putorius furo) male in autumn den. Introduced from Europe,fnravMj5x2CqXM.jpg,polecat
http://www.freewebs.com/ferretwhisperer/White2020SaltPepper20Ferret.jpg 29. Goat- capra aegagrus hircus. The relationship is commensal.,X2lIOEOBwNmVCM.jpg,polecat
"Mustela erminea from Commanster, Belgian",TdidHslT56X_MM.jpg,polecat
"Mustela Putorius, Búsqueda de comida (animal), Primavera (Estación), Sol",avZ_5ED4T5AbeM.jpg,polecat
Cherry has author than digital decades of mortgage manufacture change. She began her calling with guild in 1989 in the loan coupling division.,gdgRrXlFJdjN6M.jpg,polecat
"Episode 23: Eric Chessen – Autism Fitness, Individual vs Team Sports, Building Motor",ETQbdZdMZ0f7SM.jpg,polecat
Carnivore - JungleKey.fr Wiki,pE_GWaqnpOdtVM.jpg,polecat
Grainger Woods Gear foretold to unsettled in fall,2E1HKQS0-xxhzM.jpg,polecat
Stoat in almost complete ermine,TDw6ZY5jwsM7-M.jpg,polecat
"Por su economía estable, Jalisco mantiene una calificación A(mex): Fitch Ratings",ZT9m8bNezn9_7M.jpg,polecat
"Coahuila, con opacidad en sus deudas; baja de “calificación”: Fitch",Jk7_cGt0vlQNHM.jpg,polecat
"(Crithmum maritimum)) or rock samphire, common part of vegetation on flores,",teIw3NRsuBDoQM.jpg,polecat
"Mustela Putorius, Lech, Grava, Vorarlberg, Olfatear, Madera muerta, Búsqueda de",E5UlBUwQyE-zzM.jpg,polecat
Learn more at upload.wikimedia.org,8WVsA7zlryKPoM.jpg,polecat
Learn more at farm9.staticflickr.com,E_f_ziUvFcTd0M.jpg,polecat
"Finalmente, llegó el día en el cual colgué los leotardos y abandoné el hobby para siempre. Pero nunca, jamás, abandonará mi recuerdo las emociones que viví ...",j_kcYy1_T6HwRM.jpg,polecat
"northern goshawk (Accipiter gentilis), hunter with northern goshawk, hunting dog and ferret",41e6hU6tupys4M.jpg,polecat
"Мне, как ведущему блога про хай-тек и IT, очевидно, что это вот оно что:",x1pRUgR17BR_aM.jpg,polecat
Hunting and fur use[edit],-cmsRS0BVV8s0M.jpg,polecat
"Kobe Bryant Age, Height, Weight, Body Measurements",aOuMUTVYiVFZsM.jpg,polecat
"2. American Mink, male, lateral view",by7RsuajIHx5QM.jpg,polecat
nymph of the Asian lady beetle eating an aphid,Ywuzq2mL_AFEKM.jpg,polecat
"Ferret, Mustela putorius furo : Stock Photo",gTq41kUCMeFMDM.jpg,polecat
A possible starting point at Cotegill ...,4my7deap-95FbM.jpg,polecat
"USA 2000 $10, Library of Congress Platinum center, Gold ring",L8dywdSdb-DneM.jpg,polecat
Learn more at 3.bp.blogspot.com,7uD25Ffmih3E_M.jpg,polecat
DSC_8861 Feral ferret (Mustela putorius furo) male with predated rabbit in den. Adult,_WtKkJYfqvqKHM.jpg,polecat
Guild Mortgage Vows To Campaign DOJ I&#39;ll Alleging It Improperly Underwrote FHA Mortgages,MGiItnABtKx9cM.jpg,polecat
Learn more at farm9.staticflickr.com,Cju5vOHeAmpRMM.jpg,polecat
"1000+ images about My ferret pins on Pinterest | Ferrets, Cute Ferrets and Ferret Toys",xmAFRld_0C1FdM.jpg,polecat
mike fitch - animal flow,-Ykr0EIufnfvAM.jpg,polecat
A is a prominent clothing company that almost everyone recognizes today by its moose logo. This ubiquitous animal appears on a host of clothing and…,KAAGKB3uZJRWUM.jpg,polecat
Abercrombie &amp; Fitch jacket*Abercrombie &amp; Fitch Sweatshirt*Fur inside*Medium,lEeGNzdeYQtFJM.jpg,polecat
"Fig. 252. The Orsini (Roman) Family (Fourteenth Century). A Bear crouched (the moaning of the name), holding a Sand-glass. Motto, “Tempus et hora.",oTwcXBwiZC3EbM.jpg,polecat
"1000+ images about Ferrets on Pinterest | Cute Ferrets, Ferrets and Adorable Animals",hqJcj4ERY9Y56M.jpg,polecat
Robert Rauschenberg (abimaxim) Tags: painting robertrauschenberg persimmon sfmomaart,5dURUrLhSzEMVM.jpg,polecat
RIP TRX Training Certification para América Latina.,YYSL3AfgFan5EM.jpg,polecat
Cherry has author than digital decades of mortgage manufacture change. She began her calling with guild in 1989 in the loan coupling division.,_2PgqyXIMs4JzM.jpg,polecat
This item is no longer available.,ICgU3AI_lKijYM.jpg,polecat
"For more information on Sarah Pozdol, please connect with her: Triptych Fitness",yk7Ga95DNJPn9M.jpg,polecat
"WEASELS, RAUBTIERE,1894 Original Antique Wood Engraving",NDh5CpCGzUoR_M.jpg,polecat
Looks like a ferret!,L7O2ZWvSZYCWhM.jpg,polecat
Tribal Belly Dance. I movimenti aiutano a snellire i fianchi.,t9-Hk3yd5herxM.jpg,polecat
Doninha - mustela putorius furo — Fotografia de Stock #10876832,vcaNCXD7hgjHPM.jpg,polecat
Remove from favoritesAdd to favorites &middot; gallery thumbnail,MeOTbHzeUeOOsM.jpg,polecat
"Purchase &middot; Mustela putorius furo, walking in the snow #125100353",x1BR9MQMYRUyvM.jpg,polecat
"мне дали букву &quot;Кэ&quot; я люблю:кинки *г* я не люблю:Кирилла, комаров._. имя наиболее близкого человека:Кузя? О.о. Даю буковку ^^",sx56pGgqiiwqvM.jpg,polecat
"En una de estas, acabé volviendo al bosque negro (tampoco es que hubiese muchos sitios a los que ir). Esta vez, éramos una multitud de hombres, ...",JCZQ72nJcXNtcM.jpg,polecat
"Preppy Life Abercrombie, Abercrombie Fitch, Animal Ness, Animal Lovin, Life Golden, Golden Years, Private Boards, Abercrombiehot Style, Fitch S Stars",ONGdEgE_ahbP6M.jpg,polecat
Used Paintbrushes in a Can - Stock Image,WhxD-4E_bfP0KM.jpg,polecat
Abercrombie and Fitch Leather Seal Sculpture,6f3eqFJ3qRPNMM.jpg,polecat
Mustela putorius furo Huron 2014 - 01 Skeleton,UPr5qN80jzT4UM.jpg,polecat
"For those wanting to jump on the bandwagon and start doing mobility like McGregor, here&#39;s the first mobility video I ever saw and incorporated into my own ...",Xm1l2eN9IFX5nM.jpg,polecat
"Little Rascal, Foulmart, Foumart, Forest 5, Fitch, Anna Terekhova",46xCbTPOtXImfM.jpg,polecat
Stock Photo: European Ferret eating egg Belgium Mustela putorius.,zJuR6NpQhfUD1M.jpg,polecat
Das Frettchen (Mustela putorius furo) stammt mit hoher Wahrscheinlichkeit vom europäischen Iltis oder auch,2PdwSUvyegGYTM.jpg,polecat
Now we are five.,0O4cxQ8CkVRTfM.jpg,polecat
"CFPB Promotes Fivesome, Hires One For Administrator Roles",PvFDXHJvQ7FNcM.jpg,polecat
"Botanist, others are as posting of complaints",YFpanNx3-HYfxM.jpg,polecat
Iltis (Mustela putorius Maxik. mit Marke von Liechtens.,gRwKwJ4WnhSK3M.jpg,polecat
Das Frettchen (Mustela putorius furo) (auch Frett),fBscvB2BS9s3_M.jpg,polecat
The museum is home to many animal skilled in car accidents. Taxidermy was used to,gADhI7UQddOg4M.jpg,polecat
Foulmart Pictures and Images,cJa7MTvFvqhPyM.jpg,polecat
More Fascinating Animals to Learn About,fcGG3cKDb8ZXWM.jpg,polecat
(c) Chester Town Hall; Supplied by The Public Catalogue Foundation,LjCF_IFuNxUctM.jpg,polecat
"Ferret (Mustela putorius furo), young Angora Ferret, 14-week-old",TGrxbxgGrXgJeM.jpg,polecat
Save to a lightbox,ZMoWUJnYWEKyAM.jpg,polecat
"В 2010 году агентство SM Entertainment, для нового альбома группы, выпускает индивидуальные фото-тизеры каждого участника SHINee.",mpyXZLIltfILLM.jpg,polecat
... 9. REPELLING GROYNE ...,hv1ATp5WBk9fqM.jpg,breakwater
Groyne at the baltic sea Royalty Free Stock Photos,OKv03Ruyk_pFPM.jpg,breakwater
South Shields Beach - Bright red Groyne Lighthouse on the mouth of the River Tyne,Jhdj-ZOEKl_9NM.jpg,breakwater
Sea Waves over Sand Beach - 4K stock footage clip,QPIIr9BibNX16M.jpg,breakwater
Acadia Seawall Campground ...,m4CMncjHveVjPM.jpg,breakwater
"It is from the jetty, hovering above the water that a journey truly begins. At the Sky Bar, traditional seaside dining is reinvented.",eS60yYfSKiJhFM.jpg,breakwater
Save to a lightbox,-XDQvLad_olg2M.jpg,breakwater
Pili Groyne - 6ème édition des prix Magritte du cinéma à Bruxelles en Belgique le 6 février 2016.,AH6JamrMYUSDnM.jpg,breakwater
New Zealand: Tokomaru Bay Seawall Repaired,qQbLU1uFyITwVM.jpg,breakwater
Eric Elliott Photography&#39;s photo of New Jetty/South Jetty,yRcQssbkICI-YM.jpg,breakwater
A Groyne on the Bay 6,kAfZJmdU1Xf6AM.jpg,breakwater
... Red head teenage boy sat upon beach groyne post ...,1dQM9CYKG6_lhM.jpg,breakwater
HD Rights Managed Stock Footage # 600-133-935,UWBD3P1uj0NhkM.jpg,breakwater
... On the Seawall | by Brandon Godfrey,_-CFDffHL02jZM.jpg,breakwater
Evan Conway&#39;s photo of New Jetty/South Jetty,fxrfVhTpMnGH1M.jpg,breakwater
The Port Aransas South Jetty extending into the Gulf of Mexico.,LelL3VgsO84E1M.jpg,breakwater
Stanley Park Seawall by Third Beach,UnFwqncmPW1pkM.jpg,breakwater
Desktop wallpaper of the stone and wood boat jetty at Derwent Water on a clear blue,2tgbi4P7YJcjPM.jpg,breakwater
I would call this or this a jetty.,blCQEqMbg6nf8M.jpg,breakwater
waves breaking over a man made break water,_2PT0bKHFlCJZM.jpg,breakwater
"Jurian Bay Jetty, Western Australia",Vq2N_pOh6PqhCM.jpg,breakwater
"Rock groyne sea-defences at Highcliffe, Hampshire, 2003",DyKNUSPLwUxh9M.jpg,breakwater
A Groyne on the Bay 9,oQLRO--ENLuqBM.jpg,breakwater
Longshore drift illustrated by sediment either side of wooden groyne on shingle beach,u-77xOdDr5IJ-M.jpg,breakwater
Photo promotionnelle du film Le Tout Nouveau Testament - Photo 2 sur 4 - AlloCiné,ra4YIuTFnNzMlM.jpg,breakwater
Large rock armour groyne part of the recent sea defences at the north end of Tywyn beach,wtXmQjXYjJuc1M.jpg,breakwater
Wooden groyne on beach Stock Photography,53aHW7u_aGuy-M.jpg,breakwater
Snow Covered Rocks on Beach and Stanley Park Seawall at &quot;English Bay&quot; in Winter,WkpOE_BruSxcHM.jpg,breakwater
"Siwash Rock from seawall, Stanley Park, British Columbia : Stock Photo",An4X4aqCd43JkM.jpg,breakwater
The &#39;Duncansby Head&#39; ashore at The Groyne,XCfpjW0XcZ-oIM.jpg,breakwater
"The Jetty at Le Havre, 1868 - Claude Monet",fiwBpfvyzr1LxM.jpg,breakwater
Woman&#39;s body discovered on Galveston beach,TJFlv-qR7wAtvM.jpg,breakwater
... Groyne By Lake ...,iExtq6FDQloH_M.jpg,breakwater
MCR North Jetty Repairs Start,00T_2aBT9Kt5ZM.jpg,breakwater
"Coniston Water jetty Monk Coniston, early morning, still and calm water. - Stock",hVyCuqAXhA4i_M.jpg,breakwater
"VANCOUVER - JULY 05: People at Stanley Park Seawall on July 05, 2008 in",6wG1zMkuaDf-1M.jpg,breakwater
"A Trio of 19thC English Oak &amp; Iron Beach Groyne Timbers from Pevensey Bay, ...",y1_hwf7xX0mKJM.jpg,breakwater
"South Shields Groyne, Tyne &amp; Wear",gGQPCyVMJk2NbM.jpg,breakwater
The Groyne Lee Hogan,E0e98HIUDavQCM.jpg,breakwater
Groynes can be constructed of any number of materials. Rock groynes are the most common structure in situations where changes to the shoreline are desired.,Ez06jFy2Y0QXQM.jpg,breakwater
This image is being used to aid understanding of this object. We aim to replace it with a better image in the future. To discuss ordering a high quality ...,taIcPhL4qvsQnM.jpg,breakwater
Welcome &middot; Activities »,aEG1VH1Y6h5LUM.jpg,breakwater
Stock Photo - A Sandy beach and a groyne in the seaside resort of Bridlington on the East coast of England,FsjS5r6oYJ0bGM.jpg,breakwater
"Miraculously, nobody was hurt in the incident and the car was stopped from landing on",UDL8-ul8uhf-oM.jpg,breakwater
"Landscape Photography: Jetty at Port Levy, Banks Peninsula – Astrid Erasmuson Photography",omExE3W2MkLVhM.jpg,breakwater
Sunrise with fog at Seawall,b17_YvY_bRgKGM.jpg,breakwater
Newly Installed Oyster Bar (before coverage by oysters),ubQS5TmzZ6P0QM.jpg,breakwater
Manmade reefs (rock armor groyne) built for protection against coastal erosion - Stock Image,Kw9YT1p_ZZ9NoM.jpg,breakwater
Collector M. Karunakaran (centre) and Radhapuram MLA S. Micheal Rayappan (right,iL_WkHAbQYButM.jpg,breakwater
Padre Island Seawall Beach,zV6xfF01gpqijM.jpg,breakwater
"If you live on an elevated beach lot and your lot has considerably eroded due to rains and the high tide, a seawall is essential especially if your house is ...",e8NBAdp20Ggx3M.jpg,breakwater
"Summer Fun at Jetty Island, One of Puget Sound&#39;s Best Beaches",UYfJBPMNNgNcjM.jpg,breakwater
"Ayau Jetty Lines, Ayau Islands, photo",COeWT8BKZfY6FM.jpg,breakwater
Damage is evident on the seawall at Palmetto&#39;s Riverside Park and the seawall has been closed,cAdxUN3VKq33LM.jpg,breakwater
Beach in Chile - HD stock video clip,zNfDpY3JCx-IpM.jpg,breakwater
"New rock armour beach groyne Felixstowe, Suffolk, England - Stock Image",mKtv0HUw7P9vtM.jpg,breakwater
Sunset At Lim Chu Kang Jetty-12,wmKfGxLwkzfdvM.jpg,breakwater
groyne: Row of Seagulls on a timber groyne Selsey Bill Beach West Sussex England UK,5pD9wwoyrha-dM.jpg,breakwater
Minimize Jetty Fishing Mistakes,nPuUAGn7Go96jM.jpg,breakwater
"Alexis Ogden, of Marysville, works a puzzle on sunny Jetty Island.",LGZht5UbxnkfsM.jpg,breakwater
Repairing the jetty ...,03biWX0QVtAb7M.jpg,breakwater
City Selects Seawall Consultant Team | West Seattle Herald / White Center News,jBHWsefvkBIsXM.jpg,breakwater
"The Galveston Seawall, built to protect the city from hurricanes",MdSb4KP0GvYSNM.jpg,breakwater
City Beach Groyne Surf Photo: &#39;Glass&#39; by Tom Kemp,alE_2W0RBwI-mM.jpg,breakwater
Picture of Georgetown seawall (Guyana): The Atlantic Ocean reaching just to the seawall,0mGrQnfdpNerKM.jpg,breakwater
Fig 1: Typical single groyne in Hiji River in Japan.,ve9aWOfIdlN3LM.jpg,breakwater
Save to a lightbox,ONyWuos0lY-x3M.jpg,breakwater
Cleethorpes Groyne - Stock Image,QgHUpV4xMqH7NM.jpg,breakwater
"Seawall in Kailua-Kona, Hawaii",NLCBr7jyRyhLxM.jpg,breakwater
Picture of the Day: GLNG Jetty,0R8M0Hvimog9pM.jpg,breakwater
File:Port Lincoln SA - Local Jetty.jpg,aVyk1sOD6EDnSM.jpg,breakwater
Busselton Jetty Refurbishment Temporary Works,DWKNprQgiFe9sM.jpg,breakwater
San Francisco Seawall 330,KMufev2q3m-VdM.jpg,breakwater
"... in swimwear, jumping into a lake from a jetty ...",0BqD27DI_fQf_M.jpg,breakwater
The new seawall under construction in Souris is meant to protect the main highway the leads,xVpS5JI_38nbSM.jpg,breakwater
"Wooden groyne - Baltic seascape, Poland",DUDeHpoC8gW6WM.jpg,breakwater
USA: Corps Proposes Repair to Rockport&#39;s Bearskin Neck Jetty,XAMYCkNJYn9kPM.jpg,breakwater
They found the Jetty almost submerged. Compare the photographs of the Jetty from November of last year with the ones that are published here.,6QD_ucSxJ8r0wM.jpg,breakwater
"VANCOUVER, BC/CANADA - JULY 30: People at Stanley Park Seawall in Vancouver",fToZ97dEBtXUXM.jpg,breakwater
"Spume on groyne, Dorset Stock Image",NGwkg7egF7Ox_M.jpg,breakwater
FLEXITYBasel – das neue Tram für Basel,JsP0YVkCORWztM.jpg,streetcar
Trolley Car Station Renderings Revealed for 40th St. Portal Project,V8VNahmf3kvceM.jpg,streetcar
Tram - 01 photo,TnGRgOhiIdsXSM.jpg,streetcar
Yarra 2 Image 2-old tram 500,ujnLLHLJ8onwVM.jpg,streetcar
A rendering of Bay Link in South Beach included in an Metropolitan Planning Organization presentation.,989u0QfsnQcC9M.jpg,streetcar
"In more than a century, the tram is the only means of transport in Hong Kong. It was also called “Ding Ding” by the locals because of the unique sound it ...",HJSZw8_IBE5P0M.jpg,streetcar
Tramcar - Porto - Portugal,PwfmSGbwJCWamM.jpg,streetcar
BL: Kollision zwischen Tram und Personenwagen fordert eine Verletzte,QzhllijgHTkSdM.jpg,streetcar
A tram makes its way through the city of Manchester,C4YgrAPPVnp_nM.jpg,streetcar
crowds and a brass band with a large ribbon in front of the restored tram,CkX7Afw2C74HzM.jpg,streetcar
"Sushi Tram, ZÜRICH / SWITZERLAND",8ozy0NQUVFaBHM.jpg,streetcar
"Prague - September 20, 2014: tramcar for maintenance of tram wagons in workshop of",BuFRT7uqdGmZbM.jpg,streetcar
Image is loading Vintage-Jim-Beam-Decanter-San-Francisco-Trolley-Car-,t-ttSoU9axc1iM.jpg,streetcar
"Tramcar of the Line 8 in via Arenula, Rome, Italy. - Stock Image",tRCywc5Tvn92_M.jpg,streetcar
Cable Car Classics first landed the concept with its conversion of the standard Gillig low-floor transit bus into a vehicle with a trolley appearance.,-AnWTon-7nZIzM.jpg,streetcar
"Bombardier Flexity tramcar, Innsbruck",UlC23PWlm8iL4M.jpg,streetcar
John Meier&#39;s trolley car,NbmpAAYjZf3-ZM.jpg,streetcar
Trolley car under construction.,2Rbxf9Xkwo4-AM.jpg,streetcar
Automobile Car jack the car hand labor-saving trolley car used 1 tons of car,DvDy_ODuKw827M.jpg,streetcar
CKD Berlin Tatra KT4 Tramcar Free Vehicle Paper Model Download,Qyi22J4Cw12prM.jpg,streetcar
The remarkable PCC tramcar: why Melbourne missed out,RQmuTP5w2SXNEM.jpg,streetcar
122 - Crescent Rose or Rosie[edit],6tEuObUljDv89M.jpg,streetcar
"MELBOURNE, AUSTRALIA - JUNE 3, 2014: The Colonial Tramcar Restaurant is a restaurant",zDR231D4BirtOM.jpg,streetcar
Impression of Skoda Transportation Type 28T tram for Konya in Turkey.,mgw5NE_dAY3saM.jpg,streetcar
Zuerich Central Zwei VBZ Tram 2000 kollidiert,QSobebmDJCvG-M.jpg,streetcar
Lionel 6-8690 Lionel Lines Trolley Car,RuksbO8-l7sTAM.jpg,streetcar
Old Trolley car North Iowa Trolley Park,01rzNk-JhSrrzM.jpg,streetcar
Tram UCI profile pix,EqhCkQ0X7kOybM.jpg,streetcar
"Trolley car entering Collegeville, PA on Ridge Pike on May 30, 1921. People are out and about at the historic Perkiomen Bridge, on a fine Memorial Day.",bMeLRGx-e2XxmM.jpg,streetcar
Fifteen miners killed after tramcar derails in China,ob48JZ329Hn1FM.jpg,streetcar
Picture Gallery for Matchbox Yesteryear Y15d 1920 Preston Tramcar,RUj45fp1612thM.jpg,streetcar
Die Ostermundiger Stimmberechtigten wollen nun doch ein Tram. Das haben sie am Wochenende deutlich gemacht.,1242JBXcmqpvPM.jpg,streetcar
"Trolley Car, Memphis, Tennessee, USA",1TwEuqgu1OisQM.jpg,streetcar
Picture of car 357,X8e-5QXeP0bauM.jpg,streetcar
End view of tramcar 71 - photo courtesy of Arnold Chave,RYdsLGTNjZLB9M.jpg,streetcar
"Sapulpa, OK - Trolley Car",4hNULoB-5CXTZM.jpg,streetcar
Wildwood Convention Center and Tramcare Editorial Image,U7uCR6i4GR9hWM.jpg,streetcar
The Sheffield-Rotherham Tram Train Pilot project involves the construction of seven tram trains and associated infrastructure between Cathedral tram stop in ...,dJxVqkikBsVuVM.jpg,streetcar
Getting Around New Orleans,PD9WQjZsguff9M.jpg,streetcar
"Pictured first midland metro trams run into Bull Street, Birmingham this morning ... More Pictured first midland metro trams run into Bull Street, ...",bAR-rwPJHgwObM.jpg,streetcar
Automobile Car jack the car hand labor-saving trolley car used 1 tons of car,QTfjkn7o2NAFnM.jpg,streetcar
This Tramcar was used in a First World War recruiting campaign.,gRNKJXff6QhU4M.jpg,streetcar
News: Creature Comforts Makes Way for Starbucks at Disney&#39;s Animal Kingdom - Theme Park Investigator,I_DGorntXwsCtM.jpg,streetcar
Jerusalem tram heading towards East Jerusalem,Dz1hWactEpfa3M.jpg,streetcar
... Tram in Munich ...,jO1Y-rn6ncfxKM.jpg,streetcar
"adelaide tram, bus time table, tram adelaide, trams adelaide, public transport,",SAz9MT6yp4ktBM.jpg,streetcar
Defended by force fashion trolley car Palou portable folding cart grocery shopping trolley riders pull carts luggage cart-in Storage Holders &amp; Racks from ...,cu2PkDOq7zsg7M.jpg,streetcar
"Trolley car of Nagasaki Electric Tramway, Nagasaki, Nagasaki, Japan",SHPHxYHym5aU0M.jpg,streetcar
"Photo of The Trolley Car &amp; Bus Company - Bensenville, IL, United States.",6YADvMfyulKWnM.jpg,streetcar
Old tramcar interior view reverse to direction of motion,YbvlZQ_8BGmOSM.jpg,streetcar
"Philadelphia&#39;s Girard Avenue trolley, with island platform. All photos by BeyondDC.",j4IK4Ho7rw5RVM.jpg,streetcar
Mit Emirates nicht nur in den Ferien ans Ziel,jseq5GC_XZEYDM.jpg,streetcar
"JUL 03, 2015 BUDAPEST, HUNGARY: River Ride, Floating Bus sightseeing on land",0E7aMu1QoTRHGM.jpg,streetcar
"A tramcar is seen parked during the inauguration of the Cital trams, a partnership between",xNxEw82T52ur5M.jpg,streetcar
"Trolley Car No. 6 in 1934. {Photo below, AFTER .... The Trolley House, ca. 1970.}",9Po4U0wPmjgbnM.jpg,streetcar
"The following two photos show the interior of Tramcar 24 being cleaned out as part of researching the conservation plan, and a display of photographs of the ...",9Qprhq_FHO4spM.jpg,streetcar
"242 St Charles trolley car, Garden District",MUQ6QPeDgOx9aM.jpg,streetcar
The Colonial Tramcar Restaurant,FvosNWt_HsJOcM.jpg,streetcar
"CKD Tatra make tramcar 4147 leading a double set on Route 61 leaving Huvosvolgy terminus in suburban Budapest, Hungary #budapest #hungary #tram #tramcar ...",0uWAH3Ugwo3kVM.jpg,streetcar
"Tram N° 7715 pictured near the station Bruxelles Midi on March 23rd, 2012.",h3QIeB_1U5DCaM.jpg,streetcar
"After trying for months to book a table on the weekend, we finally scored a weekday reservation during my in-laws&#39; January visit to Australia.",QIFDLgNcLLgtSM.jpg,streetcar
Stock Photo - Trolley car and scooters Milan Italy,RMKfhizUdcuDWM.jpg,streetcar
"Coronation Electric Tram Car, 1911. An electric tramcar decorated for the Coronation of George",g02eCxEqXslTpM.jpg,streetcar
The old A pumped double door vehicle mobile .,nEmiwpTevEsXHM.jpg,streetcar
"Mini footage - Skoda 15T tram near the Charles Bridge (Prague, Czech Republic) - YouTube",F63SmNlxbS9waM.jpg,streetcar
Local IBEW 98 pickets near the Trolley Car Diner. (Bas Slabbers/for NewsWorks,NDZXpnUUyYPeBM.jpg,streetcar
"A BOXED L.G.B. G SCALE KOLN TRAMCAR, No.438 (21360), with literature, a boxed Schiede G Scale T33",7BhlzLwcUBlk0M.jpg,streetcar
Watch the tramcar please... (ranzino) Tags: nj wildwood boardwalk fisheyelens,qYToMIwiKGHk9M.jpg,streetcar
Vintage San Francisco Trolley Car Ashtray or by myclosetshelf,1-MjVtV_VzR3_M.jpg,streetcar
"There are no steps to climb, and low-level boarding platforms can assure rapid boarding of passengers, including those confined to a wheel chairs.",m_D327n71kICkM.jpg,streetcar
The Grand Ho Tram Strip (Vietnam) - UPDATED 2016 Hotel Reviews - TripAdvisor,YNTXxdz78oOYaM.jpg,streetcar
Catenary-free tramcar ForCity Classic Konya | ŠKODA TRANSPORTATION a.s.,juAcgd6jy1KGkM.jpg,streetcar
... Melbourne Tram Boat Cruises Large Image 2,s2EIwkYVhs56eM.jpg,streetcar
My daughter&#39;s birthday dinner in the Colonial Tramcar Restaurant,Fk0i9dOBL9_J5M.jpg,streetcar
Hendon (Colindale) depot - tram / trolleybus changeover 1936 | tram depot | Pinterest,i5y2hNFyjx1idM.jpg,streetcar
The Colonial Tramcar Restaurant: Ready to board for a moving dinner,U9WeHZVAMJZpHM.jpg,streetcar
Strang Line Trolley Car T-Shirt,qaorQEmNXSGXRM.jpg,streetcar
by Paris-Roubaix Springburn Tramcar in Glasgow. | by Paris-Roubaix,dIfiSdrOtdL40M.jpg,streetcar
Tramcar no. 3 of the Eberswalde tram before the depot Bergerstraße,6riycFR58wD-sM.jpg,streetcar
"Chicago Trolley Adventures: The Good, The Bad, and The Ugly",sfP5gAbM4CSvmM.jpg,streetcar
Breakfast on the weekend at bookstore and cafe Cafebreria El Pendulo is accompanied by live classical,lNBYYYhgBrBDYM.jpg,bookshop
Spring at Boulder Book Store — Photo courtesy of Boulder Book Store,ycMVkW6dpusVJM.jpg,bookshop
"The AA is the UK&#39;s oldest independent school of Architecture, and recognised as one of the world&#39;s leading centres of architectural education and culture.",xIW0Pp7T0cw-pM.jpg,bookshop
50 of the Best Indie Bookstores to Add to Your Travel Bucket List | Brit + Co,Q2mOTDgdhyNzGM.jpg,bookshop
Kevin OBrien and me at Bookstall 8-6-2015,ziwbb9wlA4AL5M.jpg,bookshop
"Liberty Book Store, IOBA, FABA, in West Palm Beach, Florida, is a specialty bookstore offering a wide selection of new and antiquarian books, ...",spYdsdWhh5b8EM.jpg,bookshop
Photo via GypsyFae via Flickr CC,FzJOxZEbWPiRFM.jpg,bookshop
menu bookstore bookstore gocomics bookstore onemanga,4hQDlJf2K9JcpM.jpg,bookshop
cello pen pencil 0.7,3OKPG9XMzXtKTM.jpg,bookshop
"Book shop Istanbul, Turkey",dihMDhl-Rm9kNM.jpg,bookshop
"The Coloured Conquest ---by Rata ( Australian Alternate History / Yellow Peril Related ) ( Colored ) Sydney, Australia: N.S.W. Bookstall ( NSW / New South ...",sLvyAoCmX62csM.jpg,bookshop
Carrickfergus Railway Station: Larne line train,oNMlwrkO1pTriM.jpg,bookshop
Modern bookstore Editorial Photography,A--KPx3jOW6sXM.jpg,bookshop
Books and Beer: The Seven Best Bookstore Bars,gXEnJIeJYGpAtM.jpg,bookshop
"Selma Miriam and Noel Furie co-own Bloodroot, a vegetarian restaurant and bookstore. Though the bookstore is small, it offers books authored by and about ...",o8vK9b4C6kc8eM.jpg,bookshop
Bookstall at outdoor weekend antiques market on streets of Paris France - Stock Image,HhUbZ0BNG6xfkM.jpg,bookshop
"T.N. Shanbag, owner of the Strand Book Stall, at the annual Strand Fair in Mumbai.",B2gqrvHkOqznjM.jpg,bookshop
MFM BOOKSTALL PRAYER CITY - The Unconquerable Power (Powered by CubeCart),pI-DDrhEky4N6M.jpg,bookshop
T valanchery Jojo jose .,ZK5tX3G3M8FKhM.jpg,bookshop
A bookstall on Pansodan Street in December. Photo: Aung Naing Soe / Coconuts Yangon,bSRJhsxjWLuxeM.jpg,bookshop
"When I opened the book, I was pleasently surprised to find that it had been inscribed and dated by Chaim Potok. He signed it a little less than a month ...",z0DskXAMGBJKzM.jpg,bookshop
"So you&#39;ve found your local indie bookstore — hurrah! Welcome. Come in, browse around, stay awhile. (Just don&#39;t spill your coffee on the books.",SnkQvBr6SR4IIM.jpg,bookshop
... Children&#39;s Used Books in Winston Salem Used Bookstore,0GVUt_P36x6dOM.jpg,bookshop
Later members were organised in different teams and they were designated sections of Whyalla for distributing pamphlets to every house of Whyalla town where ...,lUHgsWLmnu6I-M.jpg,bookshop
"1000+ images about Children&#39;s bookstore on Pinterest | Bookstores, You&#39;ve Got Mail and Children",tIDk5Z8eVgOYeM.jpg,bookshop
How to Read the Bible book by book,UUsepuNUZaHIGM.jpg,bookshop
Eversharp Silver Plated Pencil WH Smith Railway Station Bookstall Centenary 1948 • £6.60 1 of 3 ...,ZPNriHIg-uWGvM.jpg,bookshop
"Bookstall, M.P., India, 1960 (Mennonite Church USA Archives) Tags: india",Bw84nhdcWulzJM.jpg,bookshop
One of the most popular stands amongst the Brits is the bookstall. There are always thousands of books for sale at reasonable prices and all going to ...,EJ_LCvHY2mrxJM.jpg,bookshop
We put out the tables and chairs and then set about creating our bookstall:,uSTvDoWMX-GNRM.jpg,bookshop
Cover of Sir Henry Bessemer book,YESa9o_5mgjuQM.jpg,bookshop
Spotted on a bookstall in Nice… who was the Demoiselle Vinet de Gray who recorded her thoughts in such redoubtable script?,fQY-qIQuO4j9CM.jpg,bookshop
"Cikapundung Second-Hand Bookstall. It was a popular place for book lovers, they sell old book that you may couldn&#39;t found out in bookstore, but these days ...",uOkv49j3GFdWqM.jpg,bookshop
The Hammes Notre Dame Bookstore,SGqzJZWhDsJhLM.jpg,bookshop
11th April FAST Booksale on Camposol Sector B In front of Euronics on Camposol Sector B FAST BOOK STALL has a large selection of books for sale -both hard ...,fz1dNWxE4outxM.jpg,bookshop
Reporting from the UK: Hampstead in north London - TeleRead: News and .,zB569xqskMA9hM.jpg,bookshop
Food for body and mind: a new look for the Brown Bookstore | Today at Brown,6SSw-lzp0W3VWM.jpg,bookshop
"Northshire Bookstore (Manchester, VT): Top Tips Before You Go - TripAdvisor",kQL1b6qgsgd9yM.jpg,bookshop
"The Foundry Bridge bookstall (Down Memory Lane, July 15). Several people emailed",JVwLPJmrXj7o9M.jpg,bookshop
Image titled Start a Used Bookstore Step 6,4n-6PPUkVnv6HM.jpg,bookshop
Breakfast on the weekend at bookstore and cafe Cafebreria El Pendulo in Mexico City is accompanied,JnfqyKu4vb3buM.jpg,bookshop
News from Nowhere&#39;s &#39;Bolshy Bargain Bookstall.&#39;,IQc1lAbIpoO12M.jpg,bookshop
Welcome to Family Weekend!,YuDR__afHSRZpM.jpg,bookshop
Inaugurating the new Prabhupada Vani Bookstall in the Samadhi Museum!,dc7Zg5m7Lwwb-M.jpg,bookshop
Cumberland Island National Seashore Bookstore,8CHPCVdkn5H23M.jpg,bookshop
Glasgow Central Railway Station Photo. Caledonian Railway. Menzies Bookstall (7),-ag4krb-tT7D-M.jpg,bookshop
"Abbie Barronian, left, and Ellie Graves browsed at Elliott Bay Book Company in Seattle. The store last year turned its first substantial profit in nearly 20 ...",hnpyCaK2sdDmFM.jpg,bookshop
Retiro Park (Parque del Retiro): Parc du Retiro - Colisée,0K1cg4BC7V7gMM.jpg,bookshop
"CRC National Conference 2008, Bangor - Bookstall",3P3Xqj3cLrUZPM.jpg,bookshop
"David&#39;s had the charming address of 16 St. Edward&#39;s Passage, but—and this may come as a bit of a surprise—cab drivers don&#39;t often know exactly where used ...",Y3xQ24UJccXGaM.jpg,bookshop
MFM BOOKSTALL PRAYER CITY - The Dinning Table Of Darkness (Powered by CubeCart),iD5QVvpH4jnBFM.jpg,bookshop
STRAND BOOK STALL - 18 MILES OF BOOKS | Flickr - Photo Sharing! Abhinav Agarwal | ????? ???????: Strand Book Stall ... Abhinav Agarwal | ?,C0_EUm2q-b9aCM.jpg,bookshop
"An Illustrated Guide to German, Italian and Japanese Fighters of World War II",_7Zum3-crjtBiM.jpg,bookshop
At the romantic bookstall,UFfE7caXcXkiVM.jpg,bookshop
"Stock Photo - press/media, bookstall, Karlsruhe, 1953, kiosk, newaspapers, magazines, advertising, &quot;Der Spiegel&quot;, &quot;Stern&quot;, Germany, 20th cent",0PiwE3VP12fDwM.jpg,bookshop
"CRC National Conference 2008, Bangor - Bookstall",i2b-wxwehbjtAM.jpg,bookshop
Choose one correct answer and click it.,4cGGlI12YgWJJM.jpg,bookshop
Love is in the air at the Bookstore!,kaL-qwIEfLQQuM.jpg,bookshop
Catalogue of Small Wind Turbines 2014,upqxacB72qMQKM.jpg,bookshop
"Amazon&#39;s new bricks-and-mortar bookstore, in Seattle&#39;s University Village, lets customers",EkGHpVCKF9TTuM.jpg,bookshop
The Yellow Library: The Bookstore in the Movie &#39;Hugo&#39;,OIlaEHpiUOFJGM.jpg,bookshop
The main entrance/exit of Liverpool Exchange station which was on Tithebarn Street in April 1977. The station&#39;s bookstall can be seen to the left.,V7Rr-YBXKdaUzM.jpg,bookshop
"Our treasured independent book shop, who&#39;ll be running their &#39;Bolshy Bookstall&#39;",VvVz2qDQs1E3rM.jpg,bookshop
Image of Parisian Bookstall from iStockphoto,HJyU0njVxhM3iM.jpg,bookshop
"... Downtown Hilo bookstore Basically Book&#39;s Hawaiian History, literature, biography and memoir section",ReVdR3fr91iZEM.jpg,bookshop
Hornby Train Station Bookstall Parcel Office Vintage Tin Lithograph o ga Metal,ra4PqrmlNqgsCM.jpg,bookshop
"Photo of The Last Bookstore - Los Angeles, CA, United States. Lotsa books",uiVxt4w4N9BxeM.jpg,bookshop
"St. Joseph&#39;s Orphanage Press and BookStall, Changanacherry.",S0JbRlEqh6jHhM.jpg,bookshop
MFM BOOKSTALL PRAYER CITY - 50 Reasons Why People Marry Wrongly (Powered by CubeCart),7UqVEWCphTacxM.jpg,bookshop
“Don&#39;t feel guilty about buying used books”,1qHP5lrZNB12gM.jpg,bookshop
"Fangsuo Bookstore by Chu Chih-Kang, Chengdu – China",Rp3W_X2j24c3RM.jpg,bookshop
"More than a gift shop, the Bookstall is filled with books on the people, craft and literature of the theater, as well as Chicago Shakespeare signature gift ...",QeOUYsBjwEzUrM.jpg,bookshop
Changing Hands Bookstore Tempe ...,Z4HRUgsdVCzo4M.jpg,bookshop
"AND, they had French novels in English! Not very many, but still, I was very happy. They also had books on the history of France, which I am dying to learn ...",tIR6UXdcQ1P72M.jpg,bookshop
The highest forms of literature were to be found on the English bookstall. Perhaps these should be in the Self-Help section .,p6W3huFXuKJI1M.jpg,bookshop
"I bought this from a bookstall on the seine from an almost clichéd French man, for a bargain four euros.",EitI3J-qTuGKvM.jpg,bookshop
"Lion Brian Clarke, Bookstall Manager",JrC8QMw4p_nwMM.jpg,bookshop
Market Street - Wharf Road New Swindon Market Bookstall 1968,BJScY09UZMGyYM.jpg,bookshop
"Livraria da Vila bookstore by Isay Weinfeld, São Paulo",-KNU_jM91RtLeM.jpg,bookshop
"Creative Writing Award Winners, April 2010",_ymhjK4Rp45WOM.jpg,bookshop
U.S. Boats Take Part in Hemingway Billfish Tournament,E1SXntwQTpUXTM.jpg,gar
Man Shoes - Ash Vincent - High-top Trainers - White Mo10704580,gXQ2gbCr14PR3M.jpg,gar
"for Bigfoot, Lake Monsters, Sea Serpents and More",k_BdLOfrKmkCXM.jpg,gar
... Fishing Winning Fish,bvJMrUuy2t6yMM.jpg,gar
The man behind the lens,CLvQR05s9_hgaM.jpg,gar
"Miss Billfish Bikini Contest &#39;13. Orange Beach, AL(1)",-ywaBhtnpGdfKM.jpg,gar
Prominence M-1 by Robert-01374444,ro6YFQeR85rDkM.jpg,gar
Samuel de Champlain Map Delineation from Cape Sable to Cape Cod. Source: http:,YCkYBsk7bIDclM.jpg,gar
"... and spectators gather for the Saturday night weigh-in of the 2009 Bay Point Billfish Invitational. (Photo by Allison Yii, courtesy Bay Point Marina)",HHqugUP9IsvSzM.jpg,gar
42nd Annual Pensacola International Billfish Tournament | Pensacola Sports,U9lIJwqN4E7wPM.jpg,gar
Les Poissons d&#39;Aquarium Lépisosté Osseux (Lepisosteus osseus),tqSSKy6YMvA55M.jpg,gar
Bama Boats Rule at Biloxi Billfish Event,zTKu8KEj_wI84M.jpg,gar
Zebra Danio Climbing Catfish Bigscale Fish Char,W3udxnO69jhCPM.jpg,gar
Girl Gone Fishing - Deep Sea Fishing St. Kitts-#Nevis with Coby and,oUQgdSFdVQL0bM.jpg,gar
"We present humbly to you, from Summerwood Creek, Texas, Lepisosteus Oculatus, all 26&quot; of magnificence.",gm1H2N1an0aGqM.jpg,gar
Billfish World Related Keywords &amp; Suggestions - Billfish World Long Tail Keywords,oGCVZsmyJkDb9M.jpg,gar
"Flat needlefish (Ablennes hians) - information, photos, distribution maps, names, references, field guides and observations - iGoTerra",-1mdibyCu-1gvM.jpg,gar
Screenshot provided by Darkvamp. Click for full version,B-mQp7r51-37WM.jpg,gar
X-ray of a needlefish,hHQDQIhFkH2eDM.jpg,gar
Los Cabos Billfish Final Results,PFY__TuN6ZPQtM.jpg,gar
"I don&#39;t know if this will work or not, but post images of your favorite materials and their treatments",oBbcc7q5cS228M.jpg,gar
"Sperry Top-Sider Men&#39;s Billfish Boat Shoe, Tan/Beige, 13 2E US",-Lkbeu61PIEw9M.jpg,gar
Here is what they look like on topps chrome with no prep.,981gj1myWFOXoM.jpg,gar
Fly Fishing for Billfish,r5srRrSJfg5PWM.jpg,gar
Thaliak River - Cat became hungry.,rJ7cCPKs_sx99M.jpg,gar
"Priscacara serrata, Green River, fossil fish",AhVGGDK6Pz5IiM.jpg,gar
"Klondike Gold Rush 1896-1899 facts, information, pictures | Encyclopedia.com articles about Klondike Gold Rush 1896-1899",ekcGwJl-KAfM_M.jpg,gar
Osprey at Blue Spring -,BE5tZuE-jlYHQM.jpg,gar
2008 Ocean Yachts 37 Billfish | 1 of 13,1g4SIGwLsi8bCM.jpg,gar
"n02091467, Norwegian elkhound ...",77ZNb56xTQNwaM.jpg,gar
I&#39;m saving for one of these.,FXbFCnf_jI8qDM.jpg,gar
"A very good fly for all species of billfish, one that you definitely need in your assortment.",EpkX6UFOePU9yM.jpg,gar
"Swordfish are most often associated with billfish, but there are important differences.",xm73TJkE1RB8NM.jpg,gar
#20978 Clipart Image Illustration Of Yellow Bullhead Catfish (Ameiurus Natalis),s7s4EaN1_U3UkM.jpg,gar
"gray whale jumping in guerrero negro, baja california - Stock Image",TgLSCGRxqN5RpM.jpg,gar
"Fishing Photos, Blue Marlin",u0Sn1KnRMSyFbM.jpg,gar
paul rudolph at wellesley,GO-PR8HxigjdUM.jpg,gar
Moxostoma erythrurum (golden redhorse) Image 731,tjXUamvlBwMPuM.jpg,gar
The fishing is hotting up in the leadup to the start of the Broome Billfish Tournament at the end of this week. Jeff tells me that in the last few days ...,OQEEeABb-X3FXM.jpg,gar
Billfish Fossil Tail Vertebra Bill Fish Fossilized Vertebrea Bone Fossil Bone,4a48LQU_APjZRM.jpg,gar
Sperry Top-Sider Mens Billfish 3 Eye Oxford - Sperry Billfish Shoe - YouTube,_Eewuea4Ln-FOM.jpg,gar
Done Deal Strikes Again at Cajun Canyons Billfish Classic,tdHCKtilQVHvDM.jpg,gar
KIDS ARCHERY 101 - BY TRACY BREEN,wSU5g4ztM15GFM.jpg,gar
Kostlín americký (Kostlín obecný) - Lepisosteus osseus,obAf33KGC2TGjM.jpg,gar
Sperry Top-Sider Billfish Ultralite 3-Eye,hrjJS23pLy4MNM.jpg,gar
Sperry Top-Sider Men&#39;s Billfish Boat Shoe - Dark Tan | DICK&#39;S Sporting Goods,Jlros4tN3nua3M.jpg,gar
"Guatemala, The Billfish Capital",ij81c5iR4YrHVM.jpg,gar
"Reply #6 on: September 23, 2009, 11:26:47 AM »",ZLw2Yk0n8SHv2M.jpg,gar
Lepisosteus osseus - Turtle trapping by-catch,Vmgl1KGu_QIuEM.jpg,gar
Photos - Billfish | Peak Sportfishing Adventures - Peak Sportfishing Adventures,VLLiTbVd16_VDM.jpg,gar
"Sperry Billfish Ultralite 3-Eye Boat Shoe Taupe/Blue, Size 9M",fxY9MnWDAwU1oM.jpg,gar
Photo by Mark Dumont - some rights reserved,k1ASPl_p3XUC8M.jpg,gar
MISSISSIPPI GULF COAST BILLFISH CLASSIC David Pippin of the Boat Miss Orleans set a Blue Marlin,zLqlzgdRSH4nWM.jpg,gar
Fake Megas by AbelVera,ToyB9SoVNs3SoM.jpg,gar
... iceicles on boat1220,sUmRr44xLwOA1M.jpg,gar
image lepisosteus_osseus for term side of card. Lepisosteus osseus Lepisosteidae,8ZhhqlzYkgFf6M.jpg,gar
Sailfish real fish isolated on white marlin billfish,FJ2duqqabkJM_M.jpg,gar
Riproduzione[modifica | modifica wikitesto],EGt2HKBAQBWHIM.jpg,gar
There could be more than the obviuous pun:,HSEVo6c8amnE1M.jpg,gar
2016 Channel Islands Billfish Tournament seaway gerry bellaart striped marlin,YEG0PNDTxgHDrM.jpg,gar
The African Billfish Foundation,J184qPet4-4KtM.jpg,gar
Middle Thaliak River - Cat became hungry.,a0AqR87VPh-wzM.jpg,gar
Whether you are an experienced angler or a novice let the experienced and friendly crew on BILLFISH help you. &#39;,HM3P_BvKY4iqcM.jpg,gar
"19,6ft Billfish Cape Town - image 2",guj12egk1VBLRM.jpg,gar
BD pups pile up,FIQ_xa2CPVu6mM.jpg,gar
"Brooks Wheeler sent in this photo of his daughter, Sasha, with a freshwater drum fish that he said will earn her a master angler patch.",uo-YXxA6OQkK4M.jpg,gar
"[photo, Northern Snakehead (Channa argus), Dept. of Natural Resources exhibit",bD5StpOlG8K37M.jpg,gar
Длиннорылый панцирник (Lepisosteus osseus),7WFGiBr9as7a2M.jpg,gar
A Great Wahoo caught off The KZN coastline on a Stealth Pro fisha 575,KGCfJADr6Ulf5M.jpg,gar
Chloe – At the Ludington State Park we had so much fun. We loved catching little critters. We liked climing up to the top of the sand dunes.,SoYxcCJuenoi4M.jpg,gar
Vintage Wood Tool Caddy,4BhNqRH3kbks_M.jpg,gar
Top Junior-Billfish - John Kennedy Jr.,IIyFU2x7WiaSgM.jpg,gar
"Black Warrior River, Alabama",kjhF-gI-4qw2UM.jpg,gar
"Cipactlichthys scutatus holotype fossil, from the Lower Cretaceous Tlayua Formation of Mexico[3]",VpAeacq2sYYyyM.jpg,gar
How I found the only bad food in Turkey.,36IEgmyTrdMbYM.jpg,gar
Dr. rer. nat. Christoph Petereit,f4AfSxltFcttbM.jpg,gar
Paul Smith Starling Spazzolato Leather Oxfords ...,puAnlED47NUsWM.jpg,gar
Colonial Contexts Region and Nationality,CO1SSDbljengqM.jpg,gar
Click image to enlarge,3ZHUhF7BPHxqqM.jpg,gar
Bermuda Billfish Blast Results,oSmGwNe5xsA3kM.jpg,gar
double caratridge chemical respirator industrial face mask,hVDq2SVn-e6yAM.jpg,gasmask
Fuel Large (59-60cm) Motorcycle Helmet FF001 Dot Aproved Full Face Clear Shield,jjvctjG7ksnw_M.jpg,gasmask
Uniform design was slightly changed in 1916 to include &quot;gas collars&quot; that could be fixed over the gas helmet.,JgxqDzTJdlIPmM.jpg,gasmask
British soldier demonstrates a P or PH helmet,G_0V-6F3_i1QXM.jpg,gasmask
Worker Twists Opening Valve On Unit Of Cooling Gas Compressor Station Stock Footage Video 1366318 - Shutterstock,nkSSZExoBO1FpM.jpg,gasmask
"Nazi Gas mask | Masks, cosplayer costumes and props | Pinterest | Gas Masks, Masks and Ps",pT8WZhxNwPdu4M.jpg,gasmask
Grigori Mandate Respirator Compilation by Hellwolve Grigori Mandate Respirator Compilation by Hellwolve,nbqyCMkbVjexnM.jpg,gasmask
"Face shield, respirator, headgear, cyber",XcGhn6f8-K2iDM.jpg,gasmask
Bonehead Aero Replacement Visor Lens,NC-aoSNpBwSL4M.jpg,gasmask
idunmed FM1 Size S/M/L CPAP BiPAP APAP Full Face Respirator Mask With,TjGmEQeG898deM.jpg,gasmask
Click image for larger version. Name: IMG_2456.jpg Views: 62 Size: ...,vhDXYpOCIOfbFM.jpg,gasmask
MSA Safety Works 817662 Paint and Pesticide Respirator - Safety Respirator Cartridges And Filters - Amazon.com,J_8lY7JmlMIlOM.jpg,gasmask
DP Gas Mask ...,SOWdgP9ajgylMM.jpg,gasmask
Anti Dust Paint Respirator Mask Industrial Chemical Gas 1pcs-in Masks from Security &amp; Protection on Aliexpress.com | Alibaba Group,Iubji_2UecpEMM.jpg,gasmask
"NEW MINI - HAT Still in prototype stage. Modular design allows free flow, demand, rebreather, gas recovery or push pull systems - all with one helmet.",cGIc2RtZZ1ERsM.jpg,gasmask
Safety Glasses Goggles and Dust Mast Respirator,ZQ4YjGESrwOykM.jpg,gasmask
Wolfenstein - The Revenant,ZCpdbqUTlXwIKM.jpg,gasmask
Stock Photo - Roughneck (out of focus) looking at a huge oil rig being constructed.,p3PuQL2yO2HO4M.jpg,gasmask
DESCO 29019 Mark V Diving Helmet,tZo6i7Ibhu665M.jpg,gasmask
"Spray painter wearing white coverall, respirator and spray gun shot over black background",ZSooYvVtfk7HaM.jpg,gasmask
N 20 Fiat Helmet Nolan,jl8Aps4hC1JKiM.jpg,gasmask
"The weather prediction was ominous – good chance of thunderstorms - so amongst the tools, spare parts, rags, gas, helmet, oil, etc., I stuck an umbrella and ...",NhdHBcOGN--EeM.jpg,gasmask
"Fallout NCR Elite Riot Gear Raw Cast Helmet Kit - 2nd Gen - Veteran Ranger Gas Mask, Post-Apocalyptic, Wastelands Gear - Screen Accurate",XOMASfl0rYMJXM.jpg,gasmask
Get Quotations &middot; Honeywell Survivair B260000 +B100100 silicon reusable half-mask chemical respirator against Organic Vapors gas,veyJwFhnIp9P1M.jpg,gasmask
Fresh Air Respirator Full Face Mask Only,mnzrMSUSHtNLjM.jpg,gasmask
"filtering facepiece respirator, elastomeric respirator",adkN-nWNh-WXSM.jpg,gasmask
Early US M1 Vietnam Helmet,bqXGpkejMwbdpM.jpg,gasmask
Canadian troops attack through a gas attack,Tufd9o2n3sbBcM.jpg,gasmask
Full Head Protection Anti-riot Helmet with visor/police riot helmet,jxAicv1SN8Jm8M.jpg,gasmask
"Richards modified helmet design A.jpg (2092×1672) | Welding Helmet Inspirations | Pinterest | Helmet Design, Helmets and Design",puF3W1Bkp78nYM.jpg,gasmask
"Diving Helmet and suit 3 • £1,700.00 3 of 3 ...",-POrpQs7l8XOqM.jpg,gasmask
Ecvision 3m 3200 Series Half Facepiece Reusable Respirator Industrial Gas,TKLZRIgAqbK1VM.jpg,gasmask
Stock Photo - Man in respirator with cigarette in teeth,qlZWR-zozRPc6M.jpg,gasmask
WWII German Gas Mask Zivilschutzfilter Canister Air Filter Military World War 2,49GY_c3Gkggl4M.jpg,gasmask
Dark Art : Photo,v1JmxBhi-ps6bM.jpg,gasmask
Accessories Kit for our NCR Veteran Ranger Helmet - 2nd Gen,Ucu0NEEHIk6HtM.jpg,gasmask
British Gas mask demonstration c 1916,1kYzaRKrDxP5lM.jpg,gasmask
Image Gas helmet V.C. race,2Uw4xes5RnlNyM.jpg,gasmask
full face respirator mask ...,Ey2WaUQ4TLOMzM.jpg,gasmask
"Caption: Caption: Instead, the aluminum, white, and burnt orange respirator has two cavities that look like retro tea kettles.",r28uuFudDDjXcM.jpg,gasmask
New Respirator Gas Anti-dust Chemical Spray Mask Protective Eyewear Goggles,U3VfgFysBShUcM.jpg,gasmask
Gas mask trials - Stock Image,uhL-AeLXKpWNUM.jpg,gasmask
gas helmet: Man in gas mask and helmet on the background of skulls and banner,4PMcIo8_owXR6M.jpg,gasmask
Comfo Classic Respirator Mask with P100 Cartridges Kit,0xzfkNH7CHDUBM.jpg,gasmask
Rear view of Advanced helmet showing extra ports.,_0nfas6dFun5VM.jpg,gasmask
Female wearing a respirator posing indoors,I2VwK7lrpKJPhM.jpg,gasmask
This DESCO deep sea diving helmet took divers to depths up to 800 feet and more! The nametag on this hat reads &quot;UNITED STATES NAVY DIVING HELMET MARK V ...,tLQLqOChp2350M.jpg,gasmask
Respirator - Half Face 3M 7500 Series Silicone Twin Filter,bPs4kD9XApdoqM.jpg,gasmask
Single Chemical Respirator Mask with Safety Goggles Ht-5009 pictures &amp; photos,R74yLJTxqbFJ0M.jpg,gasmask
"1000+ images about Gas mask! on Pinterest | Gas Masks, Gas Mask Tattoo and Steampunk Gas Mask",aEySdS-jwPYUbM.jpg,gasmask
Airsoft Dummy Respirator Full Face Protection Gas Mask (WA25986),nuUjtWDmozx_iM.jpg,gasmask
U.S. Navy diver E.D. Buie came to DESCO to work on a low volume mixed gas helmet for the Navy to use clearing mines ( info www.descocorp.com ),AAQJJYFjh_YOtM.jpg,gasmask
Steampunk Respirator Mask by rwolf1970 ...,bD-ib0vDq5wvDM.jpg,gasmask
GKS3m BR Mix Gas helmet made at &#39;Factory number 28&#39; in Leningrad,dzlVJzRpeTFuRM.jpg,gasmask
Claustrophobic gas mask experience,7CC9UIEb_Z0s9M.jpg,gasmask
"French gas attack on German lines. Belgium, 1916",a04IjvEVACqT_M.jpg,gasmask
Man wearing Safety Helmet PHSH Adaptive Reuse Housing project at the abandoned Public Health Servic,zXInHHA79VRuAM.jpg,gasmask
"White Biohazard Gas Mask, Cyberpunk, Cybergoth, Rave, Steampunk, EDC, Cosplay",Cye4Kzf22JtdYM.jpg,gasmask
A Guide to Buying the Best Royalties (Uni Royalties) Tags: hardhat man male,xK5VJUvm7SY2SM.jpg,gasmask
"This helmet type was manufactured from 1950 until 1963 at &#39;Factory Number 3&#39;, Leningrad, which makes this the classic Russian model helmet.",IAaghz18QzH_zM.jpg,gasmask
Tonfly 2X top still helmet,B1OblqA9nZ6gZM.jpg,gasmask
dust respirator: Multi-purpose respirator mask isolated on white Stock Photo,BH-SSJrAJJEpZM.jpg,gasmask
GAS Gas Terminator Cricket Helmet L(Men) Helmets ...,BZZR2yC6yFm9rM.jpg,gasmask
British PH Gas Hood (Reproduction),8MNHy6Pj8E_lpM.jpg,gasmask
Front and rear views of the Mixed gas helmet on a commercial 12 bolt breastplate. The locking mechanism will connect the helmet to both the breastplate and ...,mtTZ5Egw8Mj6yM.jpg,gasmask
Photo of N95 Respirator,vEz3f_DHVGLulM.jpg,gasmask
Arco Essentials Class 1 Full Face Mask Respirator,Hgfgz-wbopmxSM.jpg,gasmask
Tkat Motorcycle Gas/Helmet Aid,0WAb_0UmoMUufM.jpg,gasmask
respirator protective: Realistic modern respirator without a man. The element of the protective suit,SIhNoOmtAcjsTM.jpg,gasmask
3M 7907S Full Mask Reusable Respirator,WVhZBFN9d9Il8M.jpg,gasmask
worker helmet mask gas vector illustration design,1GHgJup7p7x4gM.jpg,gasmask
For 6800 Gas Mask SJL Full Facepiece Respirator 7 PCS Suit Painting Spraying with 5N11 Filters,k2mE3GQ0qdPbUM.jpg,gasmask
Gas Mask for Helmet with multi-function suitable for military,4Cv67ihg5gXVoM.jpg,gasmask
Typical chemical vapor respirator.,ROPjasYGuELYzM.jpg,gasmask
"The Yokohama Helium Helmet has four Plexiglas windows, the front window screws in for the diver&#39;s comfort. To the rear of the helmet there is a first stage ...",_1WswKsEpWdc9M.jpg,gasmask
Moldex 8172 Twin Cartridge Respirator,hXgh7zNZjw4ZwM.jpg,gasmask
MSA W65 Self-Rescuer Respirator 455299,Zl-ZV9Ry07L5yM.jpg,gasmask
BE462 British Army WW1 PH Hood/P Helmet,C4eRxhV5RvXIzM.jpg,gasmask
Historical Gas Mask Photos From WWII Britain Show Life During Wartime,omw7UicgAO-_8M.jpg,gasmask
3M Organic Vapor Respirator Kit,9wbpr7YMjFUl8M.jpg,gasmask
"Photo of Beerntsen Confectionary - Manitowoc, WI, United States",-IAKtpFWbjsMWM.jpg,confectionery
"Photo of Minnesota&#39;s Largest Candy Store - Jordan, MN, United States. And,",nWlU5lCQgssa1M.jpg,confectionery
"Chocolate Confectionary, Glazing, Chocolate Icing, Chocolate Cake, Couverture, Chocolate Candy,",pKQgcb7f71PUWM.jpg,confectionery
Rainbow Dust Edible Glitter - Silver Sequins ...,hHIelKIEpnGfkM.jpg,confectionery
"I went inside a candy store and bought no candy, but I did take a picture of colorful M&amp;Ms. Priorities.",dmSyCC2FVWm9gM.jpg,confectionery
Wine Bottle Box ...,65_hsINtnpsW2M.jpg,confectionery
Enrobing Machine and Cooling Tunnel for Confectionary,UYNdNoLnfSDycM.jpg,confectionery
Skewers with sweets in a candy store,dKdsirHPGjCy0M.jpg,confectionery
a sprinkles yum 32 Sprinkles: Small pieces of confectionary delight! (34 photos),pnrxvhUXMoFxUM.jpg,confectionery
Billy Black / www.billyblack.com,bf33bek_MZ9DMM.jpg,confectionery
06 - Love Confectionary,tZddCA1AN4LTXM.jpg,confectionery
Biscuit Production Line. »,6Pash1bIHk4N9M.jpg,confectionery
God&#39;s promise: a candy store?,ucWcW1fGCrx55M.jpg,confectionery
Cadbury Party Mix 10kg - Click to enlarge,P5qdXEogmq5zSM.jpg,confectionery
... Candy Store Jars Re Re ...,ZgDFlz447hByvM.jpg,confectionery
Stock Photo - A lot of different acid grips and other sweets in a candy store,XsSQbOPzSWZlPM.jpg,confectionery
Slideshow Image 1 Slideshow Image 2 ...,auHt-ApJCKeE9M.jpg,confectionery
Welcome to my Candy Store,qzM8IJO0O6c-AM.jpg,confectionery
"Photo of Le Grand Confectionary - Sacramento, CA, United States. Cherry Cheesecake",6PyFLqaWy2gBLM.jpg,confectionery
Siew Pow - &#39;s King&#39;s Confectionary (Seri Iskandar)|Perak,YQgi3ADZAd1D0M.jpg,confectionery
"Look, I found an antique cash register! I wanted a cash register when I was a little girl because I loved the sound it made. Too bad this one isn&#39;t working ...",XYi1lnesTdnTaM.jpg,confectionery
"... meal,childrens meal,Candy,Children,Children&#39;s Food,Confection,Licorice,Sweets,Aniseed,Candylicorice,Chew,Confectionary,Cookery,Cooking,Food,Ingredient ...",b_TmAskUvSz8zM.jpg,confectionery
Stock Photo - Jars filled with different candies at the boutique candy store.,e_4dFG8UAz0LwM.jpg,confectionery
confectionary grade sunflower seeds kernels,9cnjtG7gPn9H4M.jpg,confectionery
"Wisconsin, Manitowoc. Downtown, 8th street. Beerntsen&#39;s Confectionary, an, Old Fashioned",tZgT-LxomnqBcM.jpg,confectionery
"Filename: River Street Sweets candy store in Savannah, Georgia; Copyright: ©Ken Kaminesky; Image Size: 5616x3744 / 60.2MB: Contained in galleries.",W3nIUEYF8s8m4M.jpg,confectionery
Optical sorting equipment from Bühler: An optical sorter for confectionary.,Yh9vmOxe2n06pM.jpg,confectionery
"Chocolate Confectionary, Glazing, Chocolate Icing, Chocolate Cake, Couverture, Chocolate Candy,",OatPTHEeyw3N9M.jpg,confectionery
how_to_write_a_candy_shop_business_plan OLYMPUS DIGITAL CAMERA La_Caramella,n_3qG-N17Rl6iM.jpg,confectionery
Kingston&#39;s Candy Co. Interior,nnLH0WGIrMiV4M.jpg,confectionery
"An Emirati couple at a candy store, Dubai, UAE.",2uuFiGrV0Q_luM.jpg,confectionery
FarmHouse Fresh Whoopie Confectionary Candle,73N6ck9lnR5GeM.jpg,confectionery
Get Quotations &middot; miWorld Deluxe Sweet Factory Candy Store Environment Set,Gz4b5giturCzxM.jpg,confectionery
"Confectionary knot dress | Matilda Jane IRL photos TK#965 | Pinterest | Knot Dress, Knots and Dresses",59loUbDm2GTmCM.jpg,confectionery
"candy toy( candy, confectionary, toy candy)",FhReQ6iVEKPxYM.jpg,confectionery
"Candy store , Rome , Italy : Stock Photo",-Kx5z9Xuln3D8M.jpg,confectionery
File:Nahoum &amp; Sons confectionary Calcutta Kolkata.,d-7Oa5gn2Tj5mM.jpg,confectionery
General Rules for Sugar Boiling,1NG98lTdG8cnOM.jpg,confectionery
Another type of confectionary art,pCx8D2KGcDzLmM.jpg,confectionery
A young girl in a pink shirt checks out the shelves at a candy store in,e5rSAwL7wn1oHM.jpg,confectionery
Full Frame Shot Of Containers In Candy Store : Stock Photo,l8mf9xIexujdyM.jpg,confectionery
"Holding firm to the belief that delicious kueh (cakes and confectionaries) can bring joy to anyone who tastes them, Lek Lim Nonya Cake Confectionary Pte Ltd ...",r2q9XPxoprNJ7M.jpg,confectionery
The Silver Rock Funding difference begins when you receive the personal touch and assistance of a funding manager dedicated to your account.,LFGSV03pSUa7qM.jpg,confectionery
Candy-Clustered Headphones - These Candyland Sweetie Cupcake Headphones Feature Your Favorite Treats,7ms-eTBuWPi5hM.jpg,confectionery
Comment from Juan L. of Alebrijes Pinatas &amp; Candy Store Business Owner,D2dO_oART0aPzM.jpg,confectionery
Confectionary Gloucestershire | Confectionary Worcestershire | Confectionary Herefordshire,8nI9bGo7wDlkHM.jpg,confectionery
An arrangement of chocolates from the Moscow based Babayevskoye confectionary - Stock Image,Npgc_ZfAECOshM.jpg,confectionery
... Olajumoke Orisaguna - Face of Shirley&#39;s Confectionary BellaNaija March 2016_Untitled-13 ...,QZWbGm3seynNSM.jpg,confectionery
collectable popular beautiful minions candy toy sweets confectionary candy food,VF-Q3tgBi92WXM.jpg,confectionery
"candies, candy, candy store, cute, food, lollypops, love, pink",YEG4S-XhXlxitM.jpg,confectionery
Click to see more details of the hot dog cart &amp; server - confectionary &amp; food,rJQl54nhls-XXM.jpg,confectionery
minnesota largest candy store,zg3JHmdjsxfSZM.jpg,confectionery
english confectionary stall - Stock Image,6iXOs4u75YpLpM.jpg,confectionery
Massive selection of bulk candy to scoop and mix.,uMTikx_2yiCOgM.jpg,confectionery
"Barcelona, Spain - October 17, 2014: candy store in La Boqueria market— Photo by J2R",qCkAVduKdRYH4M.jpg,confectionery
Smarties Pumpkin Halloween Confectionary,UuE80uygXlfdxM.jpg,confectionery
Kid in a Candy Store Gift Box,Jx0uei_cCysskM.jpg,confectionery
The Candy Store goes Nationwide!,lrF1mjYemRJNJM.jpg,confectionery
The World&#39;s Largest Candy Store - Dubai Mall,8TrSsHLtPkhuLM.jpg,confectionery
"But Economy Candy&#39;s pride and joy may be their extensive selection of dried fruits, nuts, halvah, and chocolate-covered everything made by a Pennsylvania ...",3Dch9-PRBs4Z3M.jpg,confectionery
"Fizzy Lifting Soda Pop Candy Shop - 17 Main St. Warwick, NY ...",9pJHemPhRJ-XlM.jpg,confectionery
"1000+ images about Candy Store Project on Pinterest | Candy Stores, Candy Shop and Best Candy",5IfyubABVcfy-M.jpg,confectionery
A confectionary section at one of the Cafe Javas,djUltJxpEsncIM.jpg,confectionery
“Killed It” Kids T-shirt,8RbOmtim2pk8sM.jpg,confectionery
Drop shipping crepe paper sheets 100pcs New Candy Chocolate Sweets Confectionary Square Foil Wrapper Package Paper,eo_pZLmbcShaWM.jpg,confectionery
Your browser does not support the video tag.,4bIz3RZ0OBD9CM.jpg,confectionery
Sweet chocolate drops in confectionary shop Stock Photos,TAMgydnyYbTVjM.jpg,confectionery
Flash Back // The Most Magical Candy Store,H5sUugYqAdsN0M.jpg,confectionery
Fruits of the Forest: Confectionary,gLvb1mkIjN2_uM.jpg,confectionery
STRATEGIC ANALYSIS on CHOCOLATE in CONFECTIONARY INDUSTRY BY A.SOWMYA 13HM06 NITK MBA2013-15 ...,Z-8PnVjrhLq1IM.jpg,confectionery
SD Rights Managed Stock Footage # 369-895-305,8Ah2YEq-ArLPZM.jpg,confectionery
"You would be spoilt for saccharine choices with the largest &#39;Pick and Mix&#39; wall where your could find gummy bears, peach rings, jelly beans and M&amp;Ms of ...",CwTHowyxvI19mM.jpg,confectionery
A candy store can offer an entrepreneur a good business opportunity.,jcRPFl4JHBiBwM.jpg,confectionery
CK Merckens - Confectionary Coating 16oz ~ DARK GREEN Candy Melts CHOCOLATE,mOJNc4o9XPsCVM.jpg,confectionery
SWEET MEMORIES OF MEXICO | Casa de Colores School of Traditional Mexican Cooking,hwvZe9GOok8ssM.jpg,confectionery
"Rows of candy jars in a candy store Stock Photo - Premium Royalty-Free,",3y2kWOaQ5aZ5QM.jpg,confectionery
"Candy Store, Barcelona Market, Catalunya, Spain Stock Photo - Premium Royalty-Free",z7TnhO0b6ckt4M.jpg,confectionery
Sweet Candy Store Flyer Template 2,0_ooUO9o2jTP9M.jpg,confectionery
seeds &amp; grains. Confectionary Sunflower Seeds,A3U65HCTl5bflM.jpg,confectionery
Children at the counter at a candy store on the Lower East Side of New York City.,5mUc11LX9klfLM.jpg,confectionery
Robert Smithson&#39;s &quot;Spiral Jetty&quot; as seen from Rozel Point,IjL4aGdm01VvaM.jpg,coil
Drawing Drawing - Inverted Energy Spiral by Jason Padgett,85AJ3Zu-uo7afM.jpg,coil
"Sayre Coombs Design: branding for Volute, a Seattle non-profit.",iuu4frMaNoK2DM.jpg,coil
"Bottom whorl spindles: Schacht, Anne Grout, turkish",S0oPZeOnE6u1IM.jpg,coil
"An early Whorl with Tet (Richard Tettenbaum R.I.P), Terri ..., Blythe Reis, Shard ..., Ed Pasqualin and Lela Hohmann",Ln3Bi6-_rqDv6M.jpg,coil
Primal Men&#39;s Helix 2.0 Bib Short,hTZ9q58I0hG0hM.jpg,coil
Tip Spiral Dive Recovery,stkFMlL05UEBXM.jpg,coil
"It&#39;s Not Pretty, But it is a Clockwise Rotation",vbgi-QGWkc0OGM.jpg,coil
Twisted whorl Twisted whorl,zctSA3w_jepvHM.jpg,coil
Coast Salish spindle whorl.,2qk-95oFA3x8JM.jpg,coil
"When it&#39;s unfolded, Helix looks a lot like an ordinary freestyle bike. Having 24-inch wheels certainly gives it an advantage in the ride department; ...",1vNO4PLLZxwMxM.jpg,coil
Turquoise Spiral Shell Fractal Poster,iUS91Sc-NQEnrM.jpg,coil
Box Newel &amp; Volute Hybrid Stair Project. Gillette Residence. Melbourne Beach Fl mediterranean-,9GYRgQuhLvvBvM.jpg,coil
Helix Wearable Cuff with Stereo Bluetooth Earbuds by Ashley Chloe Inc.,89dOtgLsA-69YM.jpg,coil
Astronomers Discover Colossal &#39;Super Spiral&#39; Galaxies,6p8U1DTWQf6KYM.jpg,coil
"Silver Arrow Cartilage Earring Tragus Helix by MidnightsMojo, $12.00",jOO9MAcYkUWmjM.jpg,coil
A small but attractive Early Medieval lead Spindle Whorl from London. SOLD .,Y4r8sLSWj8ClbM.jpg,coil
Concrete Volute Pumps - CVP (BSV and BCV),dLA344zdJenrZM.jpg,coil
... VOLUTE EN C À NOYAUX EN FER ...,aOGVixkT8_sWgM.jpg,coil
Risk of Rain - 30 - Whorl Waterboarding,Dr8a3Kl3HECgVM.jpg,coil
Hand-spun wool on my hand-made spindle,XMrgnrICESYecM.jpg,coil
"It then analyzes your fingerprint and categorizes it as (from left to right) arch, loop, or whorl.",HJ22YIT4hw2oCM.jpg,coil
File:Rumex crispus basal whorl 001.JPG,G_uvjImkG6IncM.jpg,coil
"Photo of Whorl Shop - Denver, CO, United States ...",J6bfMshD1qjnfM.jpg,coil
Cheap Moncler Down Simple Brown And Grey Zipper Slash And Pockets Whorl Men Coats On Sale,kRZPZOehboVWVM.jpg,coil
Human Fingerprint - whorl,RA_nr1ejbCOZIM.jpg,coil
Slurry Pump Volute Liner,EmNC2SibdfIM0M.jpg,coil
... Red Spiral Flower | by marco ferrarin,zYHz2n6oxkSHtM.jpg,coil
... Gilbert Netball Helix Top Red with Velcro ...,9rKbLlCreJBEpM.jpg,coil
... Puppeteer for Helix with Helix grip on Letus Helix ...,rhN2lPkNlPm0cM.jpg,coil
Whorl Inside a Loop New York Tickets - $30 - $39.50 at Second Stage - Tony Kiser Theatre. 2015-09-27,fSmp5hHW0lIWSM.jpg,coil
"If you can give us any help at all or need information on the Tribe, please contact us via the above address, telephone or by telefax.",twHYDAiWnT_7pM.jpg,coil
... Denmark - Copenhagen - Round Tower spiral sepia | by Darrell Godliman,omC-za0Vb1Df6M.jpg,coil
Phyllotheca australis Horsetail Leaf.,84DzAYJanfUeLM.jpg,coil
"Helix, the weirdly sedate new game from Michael Brough, is out now - Kill Screen",mlW4m2biXPgZ1M.jpg,coil
Inside Whorl Shop in Highland.,DV1_jIFI1I0mFM.jpg,coil
triple forward helix piercing - I think this looks so cute but I was a wuss,1nHC1RldxmzKlM.jpg,coil
Whorl Mountain - Sawtooths 5-2-10,dcmqTWSSunwAaM.jpg,coil
the whorl of hair on baby&#39;s head : Stock Photo,sEbiGUko-R_jaM.jpg,coil
VOLUTE VOLUTE VOLUTE VOLUTE VOLUTE VOLUTE VOLUTE,lzPDFfyHNnef1M.jpg,coil
Shell extends contract for Helix semi-sub vessel,84651w-9OTt93M.jpg,coil
Women&#39;s Helix 2.0 Bib Short,Tg0D6-ZvIeeLbM.jpg,coil
After roughing out the recess with the gouge I smooth the whorl bottom with a shear scraper:,mPgfPU8tPb30VM.jpg,coil
"Even though it has been around for a while now, I thought I&#39;d bring some attention back to this gem for this issue of SoundBytes since it was recently ...",GlnOOXM4vuUYvM.jpg,coil
ES-301 Volute Dewatering Press,UFBK031RugXc1M.jpg,coil
Cleavers Galium aparine seedling with first true leaf whorl - Stock Image,8eh4DkLfisVA_M.jpg,coil
Helix 2016 return premiere release date &amp; schedule &amp; air dates of your favorite tv shows.,qGOMm7CJc03mPM.jpg,coil
"Pipe Chacom volute 2 – Pipe en bruyère , foyer épais pour préserver de la chaleur.",MgRvaZOuacCmAM.jpg,coil
"... The Golden Spiral, Fibonacci Spiral, Golden Rectangle and Phi Grid in Fine Art Photography",w7E-GXMCKq6lBM.jpg,coil
Back of helix piercings. about 3 months in.,O7QgxCP0dO9NaM.jpg,coil
1200 yr old whorl glass whorl,eEKuW7u59jiamM.jpg,coil
Google Spiral 2 prototype Project Ara modular smartphone. &quot;,4OdBolCKuORIKM.jpg,coil
"Robert Smithson&#39;s Spiral Jetty, 1970",lX_N3QNhU-MJIM.jpg,coil
La Métallerie - VL1 Volute en C finition patte d&#39;oie.,X_qi0nESMSy8FM.jpg,coil
The hair whorl. A close look at the crown of the scalp reveals the hair,qD09gKU-L6seKM.jpg,coil
Save to a lightbox,oumUs_xfUKmbrM.jpg,coil
Volute Breakout Table CAD Files,d38B9u-h18lP4M.jpg,coil
The leaves are attached to each branch in a beautiful radial whorl pattern. This is very noticeable at the ends of the branches. It&#39;s really beautiful.,bwj-5yuPYsfZpM.jpg,coil
The Spiral by BIG,tN_rrhkC4QmmeM.jpg,coil
... Thumbnail for HeliX pool slide shown in typical implementation with water feature ...,rXBZk4UxXjku6M.jpg,coil
helix - photo/picture definition - helix word and phrase image,P-nlZjsqBGvkzM.jpg,coil
Volute Cardigan: Sleeve Detail,ESuxzxVHL7KbEM.jpg,coil
"Photo Gallery: #67412697 Spiral, 270.44 Kb",r1tVIE-XF1yjsM.jpg,coil
Båndet vokser under skiven.,DraHKIAll0Cf-M.jpg,coil
Long Bang Black Spiral Wavy Cosplay Party Hair Wig,-T3HKoR8hPs_kM.jpg,coil
Need help with your HELIX ...,kK_cQwdjB1pN1M.jpg,coil
"Abstract spirally background / element. Abstract monochrome vortex, whorl, twirl graphic. Circular",sNryDEVUNBgymM.jpg,coil
"Saint Sabrina&#39;s, This epitome of triple-forward-helix perfection.",TDzaX2gFOyTEQM.jpg,coil
"Vector - Abstract volute, spiral shape",GSA-36OdPaq4yM.jpg,coil
Helix | by jellyfire Helix | by jellyfire,M0DQ_zYnf4mrEM.jpg,coil
"Mutants of this gene have the third whorl stamen replaced by a petal, and the fourth whorl develops into a new flower ...",iO7DfsKA0HhYaM.jpg,coil
Buzz-saw shark: UO exhibit to feature ancient whorl-tooth fish,tVqH8vafLeDo1M.jpg,coil
beautiful blue and green whorl on the sea Images 1,Nnj8H4Ue0FKeKM.jpg,coil
Men Helix Piercing And Ear Stretching,szJOXuPiFEQLyM.jpg,coil
Eleven Star Charm Celtic Spiral Tattoo,qb0YW54rS5BlXM.jpg,coil
Top Whorl Drop Spindle - 60,fXO4KfgeliqqbM.jpg,coil
The very essence of FRED Lunettes lies in the eyewear manufacturing tradition of the Jura .,_JYszu1KD40znM.jpg,coil
Mount of luna whorl,PUjxX96b2-zIYM.jpg,coil
Volute window decor- Diptyque,_OQ_f1-GgY0ckM.jpg,coil
Fans of Syfy&#39;s &#39;Helix&#39; are going to be disappointed that after a strong second season with one hell of a cliffhanger the Sony Picture Television series has ...,e3Mka-qV1IZgCM.jpg,coil
"Picture of motorcyclists on Pacific Coast Highway, California",9cTixDJZHK049M.jpg,seashore
File:A giant Shiva Statue Murudeshwara Hindu Temple Mangalore Arabian Seacoast India.jpg,ipIJSRd5O1Wu9M.jpg,seashore
"black sea coast. Yalta, Crimea, Ukraine - Stock Image",B2MHCx6DMX4ulM.jpg,seashore
Sperry Top-Sider STS90550 Seacoast Women&#39;s Boat Shoe,nFE2x89woOjEDM.jpg,seashore
"The town of Balchik on the Black sea coast, Bulgaria.",F3wR1_8dXaOlFM.jpg,seashore
NSW South Coast - Beach sands here range from comfortably coarse reddish sands to glistening fine,vZx1By3VrvtKtM.jpg,seashore
"Oregon Coast Lodging and Cabin: Ocean Haven Near Yachats, Oregon",8d-7NhiUNUhmNM.jpg,seashore
Isle of Shoals - Seacoast NH,kKbdxw_T7Wyu3M.jpg,seashore
"Kiten | Black Sea Coast, Bulgaria 2012 Black and White Landscape Photography | www.",BQKL_Z8pW0RLkM.jpg,seashore
Click here to download image,3ZLOjr6eylNm0M.jpg,seashore
Cloud Art Balloon Hot air balloons over the coast Sea Coast Rock Digital,Qe3MATvm_IlLgM.jpg,seashore
beach sea coast south africa cape town mountain forest,otS7OIEXyXhQgM.jpg,seashore
"Mediterranean Seacoast, 1890 - Isaac Levitan",5yBnIRU4RAPQOM.jpg,seashore
"Stock Photo - The Old casino in Constanta, Romania, on the Black Sea coast",MY1qEIWW9jspMM.jpg,seashore
Heiko Photograph - Super Wave At The Barents Sea Coast by Heiko Koehrer-Wagner,Orqj2vgfq3nLBM.jpg,seashore
Seacoast United Outdoor Complex,A_10_QEB9fmC-M.jpg,seashore
"In 2010 Seacoast was acquired by EIS, Inc., a North American Distribution leader in the electrical industry, bringing strength and position to our ...",rstR5yiUX92JZM.jpg,seashore
Windsurf in Cetara &middot; Wines and vines of the Amalfi coast,Wl_E2vqUSeAs8M.jpg,seashore
Amalfi Positano Italy Travel Tourism Mediterranean Sea Coast Water Europe Landscape Village Architecture Italian Summer Town Campania Beach Mountain ...,X0a7ZdI3oAaXEM.jpg,seashore
We&#39;ve seen the west coast with it&#39;s Hollywood mansions and B.M.W.&#39;s. Here it is pretty much untouched by man. This was taken on the Pacific Highway in ...,S4usuYRgRCMmcM.jpg,seashore
wedding hotel seacoast nh hotel portsmouth,wpbfrTs0JBQDGM.jpg,seashore
"Tangerine Wheat Beer by Lost Coast Brewery in Eureka California. Deliciously fruity, a fantastic one to have on a summer morning breakfast! | Pinterest | W…",EVUpoUyi8-qGvM.jpg,seashore
Stock Photo - The big stone on seacoast. A sea landscape,LZAoX_atsTJDUM.jpg,seashore
South hams south west coast path beaches 2634 large,Zlvmt4IhuYu6RM.jpg,seashore
Photo credit: Joshua Blash,_wuVTn6k98DiIM.jpg,seashore
GOLD Coast real estate agents working in Robina and Broadbeach Waters made some of the highest,YuP-PJO0IOAuiM.jpg,seashore
"4k, The Black Sea coast in Crimea Stock Video Footage",G2RnrY8yhRJ36M.jpg,seashore
Coomera Removalist Gold Coast,A8N7LPcuBj6I_M.jpg,seashore
Mexico&#39;s Pacific Coast: hidden beaches and resort towns,RTmy8W2eL_O0pM.jpg,seashore
If you are; Take a walk along Lithuania&amp;#039;s Baltic Sea coast.,nINLVpvT5YeogM.jpg,seashore
Sperry Seacoast | Women&#39;s - Navy/Ivory Cross Hatch - FREE SHIPPING at OnlineShoes.com,MQZVhDOq0fOH2M.jpg,seashore
Vegetation Types — Seacoast,_0GBOl3pMCYStM.jpg,seashore
US Coast Guard Rescue Swimmer COAST GUARD Attention: US Coast Guard Help celebrate a great,svtn07wAST8hFM.jpg,seashore
"Stock Photo - teenager boy lying on stony seacoast, looking afar",rXPms7ALLgXUzM.jpg,seashore
"Pair on seacoast. The enamoured guy and the girl walking on coast, stock photo",y2Xg1QRfcvZcGM.jpg,seashore
"Market Square - Portsmouth, Seacoast NH",UVHRzgb35ytgQM.jpg,seashore
"From scenic tours to actually taking the controls, your loved one certainly won&#39;t forget a gift from Seacoast Helicopters in Portsmouth.",Os0-n4WJ53JnqM.jpg,seashore
New England Seacoast | molllygoodearle.com,tYTTdDcPnDTMyM.jpg,seashore
Download Free Coast Wallpapers 1920x1080 px,ArdrPZKpZCieCM.jpg,seashore
Waterfront Venues Newcastle offers the ultimate Newcastle wedding car hire packages to really make you stand out on your.,aghc2nRGI-5geM.jpg,seashore
"Photo of Seacoast Landscape - Johns Island, SC, United States",RBT0ZkW1AKb0YM.jpg,seashore
167 Nature - World Trees Sky Sea Coast Mountains Lake Rivers 21&quot;x14&quot; Poster,bry6OszVvPalpM.jpg,seashore
"Seacoast of Budva city, Montenegro",LcuDTG3rrWNvDM.jpg,seashore
Stock image of &#39;Young boy 6 years old sits on seacoast and playing&#39;,upa-efmU1uYqnM.jpg,seashore
"Sea time - seacoast, sunglasses, straw beach bag and hat Stock Photo - 14769070",e5Y0Uv_10G1hXM.jpg,seashore
"The black Sea coast, on the South Coast, beaches and resorts on the background of the mountain ranges, Crimea, Ukraine— Photo by amefanov",21M0xfaY4WL5bM.jpg,seashore
The Black Sea coast as seen from the boat of Captain Krassi,01f7Nsi9PmrftM.jpg,seashore
Coast Guard Fitness Requirements,ZzeRGqdC-qyqwM.jpg,seashore
Stock image of &#39;Young boy 6 years old sits on seacoast and playing&#39;,gu-eDjOkdOZaoM.jpg,seashore
"Essential Spring Shoe, Sperry, Canvas Seacoast Sneaker",cf1_ImbgjLfliM.jpg,seashore
Stock Photo - The lonely woman on seacoast,jbWvQgI9nxK-2M.jpg,seashore
"Seacoast Suites Hotel (Miami Beach, FL) - UPDATED 2016 Condominium Reviews - TripAdvisor",HK0fOUOQSo0LiM.jpg,seashore
"Ukraine, Black Sea Coast",7-OBnphoXFGrRM.jpg,seashore
... Photos of Black Sea Coast (Bourgas) ...,dj5pBRPBrwai_M.jpg,seashore
Hawaii ocean coast sunset wallpaper 1280x1024.,v_oSZYz5X-d_gM.jpg,seashore
Download New Zealand sea coast ocean landscape water rocks sunset afterglow wallpaper,M7NG6kBmCz0_AM.jpg,seashore
"sea, coast, rocks, mountains, Positano, Campania, Amalfi Coast, Italy",C1YlQABVEHM_MM.jpg,seashore
"Photo of Seacoast Trolley Company - Greenland, NH, United States",QB2H7TZTrl9e_M.jpg,seashore
"The Seacoast of Pourville, Low Tide, 1882 - Claude Monet",SFCAqLw7l8TiBM.jpg,seashore
Sporty young woman in sexy bikini on beach at seacoast royalty-free stock photo,fnyqH8In4vP1tM.jpg,seashore
"COAST provides advocacy, education and outreach to improve transportation options in the Santa Barbara and Ventura Regions, promoting rail, bus, ...",BZEmvyYS8ZH1rM.jpg,seashore
The Seacoast Ski Club (SSC) was founded in 1981 to promote Alpine and Nordic skiing in the New Hampshire Seacoast area. We have since become a four-season ...,eWK94g_qDdfHvM.jpg,seashore
"Coolum Beach, looking north",l0iRNps5UwHPRM.jpg,seashore
SeaCoast Inn Baler Room 203,aodcb_jDAzHMGM.jpg,seashore
South West Coast Path at Porthchapel Beach,wE2K3PxZiEc_jM.jpg,seashore
Mr. Perella&#39;s Biology class planted mums by the entrance Monday afternoon. Quite lovely.,vVtR3-6NjbSOvM.jpg,seashore
Summer in Crimea: Russia&#39;s paradise on the Black Sea Coast,AZvnoAhyEmD9KM.jpg,seashore
CHINA-TIANJIN-BOHAI SEA-SEA ICE (CN),tPLHT2z86wb1RM.jpg,seashore
"Portugal, Azores, sea, Coast",41Gf-Jnvmzt_fM.jpg,seashore
Italian Beach House Garden Flowers Cove Sea Coast Stretched 24x36 Oil Painting,OaXI5V6MIwONzM.jpg,seashore
A Guide to Gold Coast Australia and a chance to go there for FREE,CIIz7Wrn_zyvtM.jpg,seashore
Stock Photo - Couple of beach chairs on sea coast.,4Iiddzt0hhHBmM.jpg,seashore
miami exclusive seacoast suites,fu_KI2H3rAh4MM.jpg,seashore
Black Sea Coast Related Keywords &amp; Suggestions - Black Sea Coast Long Tail Keywords,JOxAXzRElALF9M.jpg,seashore
Seacoast Suites Hotel - Miami Beach,KAm-9j4knW00tM.jpg,seashore
California Painting - Sea Coast At Half Moon Bay by Laura Iverson,Bu8IrgsLE-8XpM.jpg,seashore
"Sea coast, Bozcaada, Tenedos, Turkey : Stock Photo",6abTQLthhGcE4M.jpg,seashore
"Holmes Institute » Gold Coast » City Description | Gold Coast - Holmes Institute, Gold Coast, Australia - is centrally located above the Oasis Shopping ...",md1WIQhoNITyEM.jpg,seashore
Bulgarian Black Sea Coast Banner.jpg,HkUXc8lbGhTbeM.jpg,seashore
Like the Friends of the Surf Coast Walk Facebook Page,KIZ4HHnUQnVqOM.jpg,seashore
